scenario,page_size,latency_ms,allocated_mb
blaze-view-join,10,2.0032,0.155
blaze-view-multiset,10,2.6137,0.146
entity-fetch-join,10,2.1730,0.100
entity-lazy,10,22.4839,0.232
entity-lazy-batch,10,5.6585,0.250
spring-data-projection,10,23.0377,0.618
hql-dto,10,3.1040,0.073
blaze-view-multiset,10,2.5240,0.146
entity-fetch-join,10,2.1440,0.100
entity-lazy,10,22.9656,0.232
entity-lazy-batch,10,5.4151,0.250
spring-data-projection,10,23.4244,0.618
hql-dto,10,4.0431,0.073
blaze-view-join,10,2.7155,0.155
entity-fetch-join,10,2.6759,0.100
entity-lazy,10,21.5820,0.232
entity-lazy-batch,10,6.0493,0.250
spring-data-projection,10,23.9519,0.618
hql-dto,10,2.7003,0.073
blaze-view-join,10,1.9534,0.155
blaze-view-multiset,10,2.3269,0.146
entity-lazy,10,22.4117,0.232
entity-lazy-batch,10,5.4609,0.250
spring-data-projection,10,28.5188,0.618
hql-dto,10,3.6016,0.073
blaze-view-join,10,2.1996,0.155
blaze-view-multiset,10,2.6979,0.146
entity-fetch-join,10,2.5549,0.100
entity-lazy-batch,10,5.9546,0.250
spring-data-projection,10,25.6244,0.618
hql-dto,10,4.0379,0.073
blaze-view-join,10,2.2862,0.155
blaze-view-multiset,10,2.9994,0.146
entity-fetch-join,10,2.8803,0.100
entity-lazy,10,25.1034,0.232
spring-data-projection,10,23.8976,0.618
hql-dto,10,3.1792,0.073
blaze-view-join,10,2.0794,0.155
blaze-view-multiset,10,2.2901,0.146
entity-fetch-join,10,2.7755,0.100
entity-lazy,10,22.7652,0.232
entity-lazy-batch,10,5.3050,0.250
hql-dto,10,3.1181,0.073
blaze-view-join,10,3.3693,0.155
blaze-view-multiset,10,3.6734,0.146
entity-fetch-join,10,2.5362,0.100
entity-lazy,10,27.6814,0.232
entity-lazy-batch,10,6.7451,0.250
spring-data-projection,10,25.0298,0.618
blaze-view-join,10,2.1662,0.155
blaze-view-multiset,10,2.3380,0.146
entity-fetch-join,10,2.2891,0.100
entity-lazy,10,25.0187,0.232
entity-lazy-batch,10,6.2125,0.250
spring-data-projection,10,24.2908,0.618
hql-dto,10,3.5610,0.073
blaze-view-multiset,10,2.7280,0.146
entity-fetch-join,10,2.3057,0.100
entity-lazy,10,22.3997,0.232
entity-lazy-batch,10,6.0772,0.250
spring-data-projection,10,24.2394,0.618
hql-dto,10,3.4676,0.073
blaze-view-join,10,1.9920,0.155
entity-fetch-join,10,2.2894,0.100
entity-lazy,10,26.7623,0.232
entity-lazy-batch,10,7.2585,0.250
spring-data-projection,10,22.3461,0.618
hql-dto,10,3.4879,0.073
blaze-view-join,10,1.9883,0.155
blaze-view-multiset,10,2.3801,0.146
entity-lazy,10,21.6002,0.232
entity-lazy-batch,10,6.7622,0.250
spring-data-projection,10,24.2938,0.618
hql-dto,10,3.3721,0.073
blaze-view-join,10,2.0118,0.155
blaze-view-multiset,10,2.9693,0.147
entity-fetch-join,10,2.2178,0.100
entity-lazy-batch,10,6.5515,0.250
spring-data-projection,10,24.5021,0.618
hql-dto,10,3.1575,0.073
blaze-view-join,10,4.0031,0.155
blaze-view-multiset,10,2.8120,0.146
entity-fetch-join,10,2.2148,0.100
entity-lazy,10,22.0709,0.232
spring-data-projection,10,22.8139,0.618
hql-dto,10,3.1744,0.073
blaze-view-join,10,2.3593,0.155
blaze-view-multiset,10,2.5746,0.146
entity-fetch-join,10,2.2967,0.100
entity-lazy,10,21.6127,0.232
entity-lazy-batch,10,6.7443,0.250
hql-dto,10,3.2910,0.073
blaze-view-join,10,2.3241,0.155
blaze-view-multiset,10,4.9501,0.146
entity-fetch-join,10,3.6249,0.100
entity-lazy,10,25.5727,0.232
entity-lazy-batch,10,6.6224,0.282
spring-data-projection,10,23.8176,0.650
blaze-view-join,10,3.2898,0.156
blaze-view-multiset,10,2.4893,0.146
entity-fetch-join,10,2.5729,0.100
entity-lazy,10,21.7179,0.232
entity-lazy-batch,10,5.5172,0.250
spring-data-projection,10,24.3755,0.618
hql-dto,10,3.0391,0.073
blaze-view-multiset,10,2.6384,0.146
entity-fetch-join,10,2.1416,0.100
entity-lazy,10,20.6944,0.232
entity-lazy-batch,10,6.1353,0.250
spring-data-projection,10,24.4759,0.618
hql-dto,10,3.1438,0.072
blaze-view-join,10,2.1802,0.155
entity-fetch-join,10,2.1902,0.100
entity-lazy,10,21.7328,0.232
entity-lazy-batch,10,5.0857,0.249
spring-data-projection,10,21.6967,0.618
hql-dto,10,2.7338,0.072
blaze-view-join,10,1.7690,0.155
blaze-view-multiset,10,2.5633,0.146
entity-lazy,10,22.1864,0.232
entity-lazy-batch,10,5.6357,0.249
spring-data-projection,10,21.8263,0.618
hql-dto,10,2.7372,0.072
blaze-view-join,10,2.0436,0.156
blaze-view-multiset,10,2.3661,0.146
entity-fetch-join,10,2.5018,0.100
entity-lazy-batch,10,5.5997,0.250
spring-data-projection,10,23.4776,0.618
hql-dto,10,3.2917,0.072
blaze-view-join,10,2.1382,0.156
blaze-view-multiset,10,2.2101,0.146
entity-fetch-join,10,2.1678,0.100
entity-lazy,10,20.5037,0.232
spring-data-projection,10,24.6932,0.618
hql-dto,10,3.1412,0.072
blaze-view-join,10,2.0427,0.155
blaze-view-multiset,10,2.4351,0.146
entity-fetch-join,10,2.2316,0.100
entity-lazy,10,23.0645,0.232
entity-lazy-batch,10,5.9841,0.252
hql-dto,10,3.2183,0.072
blaze-view-join,10,1.9433,0.155
blaze-view-multiset,10,2.2444,0.146
entity-fetch-join,10,2.3606,0.100
entity-lazy,10,20.5036,0.232
entity-lazy-batch,10,6.2785,0.249
spring-data-projection,10,25.3786,0.618
blaze-view-join,10,2.4941,0.156
blaze-view-multiset,10,2.3668,0.146
entity-fetch-join,10,2.0435,0.100
entity-lazy,10,20.7795,0.232
entity-lazy-batch,10,6.0301,0.249
spring-data-projection,10,24.3332,0.618
hql-dto,10,2.9146,0.072
blaze-view-multiset,10,3.0686,0.146
entity-fetch-join,10,2.5065,0.100
entity-lazy,10,23.3211,0.232
entity-lazy-batch,10,5.7816,0.249
spring-data-projection,10,23.5689,0.618
hql-dto,10,3.1007,0.072
blaze-view-join,10,1.9499,0.155
entity-fetch-join,10,2.1254,0.100
entity-lazy,10,21.9838,0.232
entity-lazy-batch,10,5.8776,0.249
spring-data-projection,10,22.7939,0.618
hql-dto,10,2.8309,0.072
blaze-view-join,10,2.0693,0.155
blaze-view-multiset,10,2.2551,0.146
entity-lazy,10,22.7938,0.232
entity-lazy-batch,10,5.0911,0.249
spring-data-projection,10,22.9060,0.618
hql-dto,10,3.0102,0.072
blaze-view-join,10,1.9479,0.155
blaze-view-multiset,10,2.1384,0.146
entity-fetch-join,10,2.3469,0.100
entity-lazy-batch,10,6.8099,0.249
spring-data-projection,10,25.3340,0.618
hql-dto,10,3.9061,0.072
blaze-view-join,10,2.1472,0.155
blaze-view-multiset,10,2.1350,0.146
entity-fetch-join,10,2.2099,0.100
entity-lazy,10,22.0931,0.232
spring-data-projection,10,24.1997,0.618
hql-dto,10,2.8997,0.072
blaze-view-join,10,2.3421,0.155
blaze-view-multiset,10,2.3678,0.146
entity-fetch-join,10,2.0329,0.100
entity-lazy,10,21.9430,0.232
entity-lazy-batch,10,5.7113,0.249
hql-dto,10,2.8233,0.072
blaze-view-join,10,2.0537,0.155
blaze-view-multiset,10,2.5018,0.150
entity-fetch-join,10,2.5399,0.100
entity-lazy,10,20.7604,0.232
entity-lazy-batch,10,5.1149,0.249
spring-data-projection,10,28.7582,0.618
blaze-view-join,10,2.1250,0.155
blaze-view-multiset,10,2.3486,0.146
entity-fetch-join,10,2.1837,0.100
entity-lazy,10,21.6999,0.232
entity-lazy-batch,10,5.0913,0.249
spring-data-projection,10,23.2308,0.618
hql-dto,10,2.9143,0.072
blaze-view-multiset,10,2.5774,0.146
entity-fetch-join,10,2.3594,0.100
entity-lazy,10,23.2997,0.232
entity-lazy-batch,10,5.8494,0.249
spring-data-projection,10,22.2706,0.618
hql-dto,10,3.1457,0.072
blaze-view-join,10,1.9475,0.155
entity-fetch-join,10,2.0121,0.100
entity-lazy,10,23.7407,0.232
entity-lazy-batch,10,5.4736,0.249
spring-data-projection,10,23.4849,0.618
hql-dto,10,3.1256,0.072
blaze-view-join,10,2.1117,0.155
blaze-view-multiset,10,2.5359,0.146
entity-lazy,10,23.1351,0.232
entity-lazy-batch,10,5.8834,0.249
spring-data-projection,10,21.4157,0.618
hql-dto,10,2.8871,0.072
blaze-view-join,10,1.8652,0.156
blaze-view-multiset,10,2.3984,0.146
entity-fetch-join,10,1.9305,0.100
entity-lazy-batch,10,5.1880,0.249
spring-data-projection,10,24.4440,0.618
hql-dto,10,3.9142,0.072
blaze-view-join,10,4.2177,0.155
blaze-view-multiset,10,5.4950,0.146
entity-fetch-join,10,4.1676,0.100
entity-lazy,10,45.6906,0.232
spring-data-projection,10,56.7933,0.618
hql-dto,10,4.7778,0.072
blaze-view-join,10,3.3107,0.155
blaze-view-multiset,10,3.9277,0.146
entity-fetch-join,10,3.1413,0.100
entity-lazy,10,27.2070,0.232
entity-lazy-batch,10,6.0448,0.249
hql-dto,10,3.1556,0.072
blaze-view-join,10,2.2462,0.155
blaze-view-multiset,10,2.6174,0.146
entity-fetch-join,10,2.5909,0.100
entity-lazy,10,22.2318,0.232
entity-lazy-batch,10,6.1254,0.249
spring-data-projection,10,24.2455,0.618
blaze-view-join,10,2.1951,0.155
blaze-view-multiset,10,2.2776,0.146
entity-fetch-join,10,2.1147,0.100
entity-lazy,10,19.9702,0.232
entity-lazy-batch,10,5.9943,0.249
spring-data-projection,10,27.6347,0.618
hql-dto,10,3.1773,0.072
blaze-view-multiset,10,2.9064,0.146
entity-fetch-join,10,2.2827,0.100
entity-lazy,10,21.5804,0.232
entity-lazy-batch,10,5.6279,0.249
spring-data-projection,10,26.1360,0.618
hql-dto,10,3.4462,0.072
blaze-view-join,10,2.1380,0.155
entity-fetch-join,10,2.1412,0.100
entity-lazy,10,20.9763,0.232
entity-lazy-batch,10,6.0033,0.249
spring-data-projection,10,24.3414,0.618
hql-dto,10,3.0357,0.073
blaze-view-join,10,2.1011,0.155
blaze-view-multiset,10,2.2093,0.146
entity-lazy,10,20.0685,0.232
entity-lazy-batch,10,5.5311,0.249
spring-data-projection,10,23.1106,0.618
hql-dto,10,3.0449,0.072
blaze-view-join,10,1.7744,0.156
blaze-view-multiset,10,2.1978,0.146
entity-fetch-join,10,2.1066,0.100
entity-lazy-batch,10,5.4508,0.249
spring-data-projection,10,26.6418,0.618
hql-dto,10,3.2438,0.072
blaze-view-join,10,1.8761,0.155
blaze-view-multiset,10,2.3652,0.147
entity-fetch-join,10,2.1234,0.100
entity-lazy,10,21.4988,0.232
spring-data-projection,10,23.5812,0.618
hql-dto,10,2.9594,0.072
blaze-view-join,10,1.9371,0.155
blaze-view-multiset,10,2.5212,0.145
entity-fetch-join,10,2.2636,0.100
entity-lazy,10,20.8530,0.232
entity-lazy-batch,10,5.8327,0.249
hql-dto,10,3.1846,0.072
blaze-view-join,10,2.1806,0.155
blaze-view-multiset,10,2.5722,0.145
entity-fetch-join,10,2.6762,0.100
entity-lazy,10,21.3315,0.232
entity-lazy-batch,10,6.1225,0.249
spring-data-projection,10,22.0881,0.618
blaze-view-join,10,2.2763,0.155
blaze-view-multiset,10,2.2684,0.145
entity-fetch-join,10,2.1798,0.100
entity-lazy,10,21.5140,0.232
entity-lazy-batch,10,4.9806,0.249
spring-data-projection,10,23.3668,0.618
hql-dto,10,3.6042,0.072
blaze-view-multiset,10,3.0500,0.145
entity-fetch-join,10,3.9974,0.100
entity-lazy,10,20.1432,0.232
entity-lazy-batch,10,5.1278,0.252
spring-data-projection,10,23.4381,0.618
hql-dto,10,3.1213,0.072
blaze-view-join,10,2.0446,0.155
entity-fetch-join,10,2.4830,0.100
entity-lazy,10,28.3992,0.232
entity-lazy-batch,10,6.3140,0.252
spring-data-projection,10,24.5160,0.618
hql-dto,10,3.3249,0.072
blaze-view-join,10,2.1777,0.155
blaze-view-multiset,10,2.2900,0.145
entity-lazy,10,24.3342,0.232
entity-lazy-batch,10,6.6911,0.253
spring-data-projection,10,25.6340,0.618
hql-dto,10,3.0610,0.072
blaze-view-join,10,2.0990,0.155
blaze-view-multiset,10,2.3601,0.145
entity-fetch-join,10,2.2966,0.100
entity-lazy-batch,10,5.3334,0.249
spring-data-projection,10,23.1953,0.618
hql-dto,10,2.9468,0.072
blaze-view-join,10,2.0054,0.155
blaze-view-multiset,10,2.6960,0.145
entity-fetch-join,10,2.3002,0.100
entity-lazy,10,21.2257,0.232
spring-data-projection,10,22.5166,0.618
hql-dto,10,2.7931,0.072
blaze-view-join,10,2.1138,0.155
blaze-view-multiset,10,2.4166,0.145
entity-fetch-join,10,2.0937,0.100
entity-lazy,10,20.8509,0.232
entity-lazy-batch,10,5.3830,0.249
hql-dto,10,2.8560,0.072
blaze-view-join,10,1.8838,0.155
blaze-view-multiset,10,2.1060,0.145
entity-fetch-join,10,2.0766,0.100
entity-lazy,10,24.6982,0.232
entity-lazy-batch,10,5.2282,0.249
spring-data-projection,10,24.3669,0.618
blaze-view-join,10,1.9755,0.155
blaze-view-multiset,10,2.9202,0.145
entity-fetch-join,10,2.1486,0.100
entity-lazy,10,19.7139,0.232
entity-lazy-batch,10,5.4797,0.249
spring-data-projection,10,22.4263,0.618
hql-dto,10,3.0265,0.072
blaze-view-join,50,3.8811,0.384
blaze-view-multiset,50,4.0782,0.339
entity-fetch-join,50,4.6864,0.429
entity-lazy,50,103.0178,1.049
entity-lazy-batch,50,7.4987,0.650
spring-data-projection,50,99.0665,2.808
hql-dto,50,5.4030,0.246
blaze-view-multiset,50,4.0480,0.339
entity-fetch-join,50,3.3229,0.429
entity-lazy,50,96.3754,1.049
entity-lazy-batch,50,7.2502,0.650
spring-data-projection,50,97.6387,2.808
hql-dto,50,4.9830,0.246
blaze-view-join,50,2.8241,0.383
entity-fetch-join,50,3.2449,0.429
entity-lazy,50,93.1287,1.049
entity-lazy-batch,50,6.1379,0.650
spring-data-projection,50,98.6114,2.808
hql-dto,50,4.7014,0.246
blaze-view-join,50,2.8083,0.383
blaze-view-multiset,50,3.1636,0.339
entity-lazy,50,94.1038,1.049
entity-lazy-batch,50,6.9960,0.650
spring-data-projection,50,107.4662,2.808
hql-dto,50,5.7110,0.246
blaze-view-join,50,3.0238,0.383
blaze-view-multiset,50,3.4950,0.339
entity-fetch-join,50,3.3540,0.429
entity-lazy-batch,50,7.4373,0.650
spring-data-projection,50,108.0200,2.808
hql-dto,50,5.2602,0.246
blaze-view-join,50,2.9152,0.383
blaze-view-multiset,50,3.4204,0.339
entity-fetch-join,50,3.1352,0.429
entity-lazy,50,96.7169,1.049
spring-data-projection,50,99.8090,2.808
hql-dto,50,4.8616,0.246
blaze-view-join,50,3.0202,0.383
blaze-view-multiset,50,3.5252,0.339
entity-fetch-join,50,3.2165,0.429
entity-lazy,50,93.9585,1.049
entity-lazy-batch,50,6.6429,0.650
hql-dto,50,5.0186,0.246
blaze-view-join,50,2.9358,0.383
blaze-view-multiset,50,3.3368,0.339
entity-fetch-join,50,3.3444,0.429
entity-lazy,50,94.4501,1.049
entity-lazy-batch,50,6.8342,0.650
spring-data-projection,50,104.5846,2.808
blaze-view-join,50,2.5786,0.383
blaze-view-multiset,50,4.3170,0.339
entity-fetch-join,50,3.1585,0.429
entity-lazy,50,98.9317,1.049
entity-lazy-batch,50,6.9045,0.650
spring-data-projection,50,102.9746,2.808
hql-dto,50,4.8837,0.246
blaze-view-multiset,50,3.5720,0.339
entity-fetch-join,50,3.2340,0.429
entity-lazy,50,94.0962,1.049
entity-lazy-batch,50,6.9815,0.650
spring-data-projection,50,104.3513,2.808
hql-dto,50,5.4115,0.246
blaze-view-join,50,3.0196,0.383
entity-fetch-join,50,3.4517,0.429
entity-lazy,50,99.1606,1.049
entity-lazy-batch,50,6.7131,0.650
spring-data-projection,50,104.9136,2.808
hql-dto,50,4.9184,0.246
blaze-view-join,50,2.8197,0.383
blaze-view-multiset,50,3.2794,0.339
entity-lazy,50,96.2218,1.049
entity-lazy-batch,50,6.5224,0.650
spring-data-projection,50,98.0815,2.808
hql-dto,50,4.6929,0.246
blaze-view-join,50,3.4719,0.383
blaze-view-multiset,50,4.0345,0.339
entity-fetch-join,50,3.8644,0.429
entity-lazy-batch,50,8.1956,0.650
spring-data-projection,50,102.8036,2.808
hql-dto,50,4.9622,0.246
blaze-view-join,50,2.5954,0.383
blaze-view-multiset,50,3.1940,0.339
entity-fetch-join,50,3.1821,0.429
entity-lazy,50,94.5927,1.049
spring-data-projection,50,100.4928,2.808
hql-dto,50,5.3128,0.246
blaze-view-join,50,3.1592,0.383
blaze-view-multiset,50,3.8103,0.339
entity-fetch-join,50,3.1155,0.429
entity-lazy,50,90.9293,1.049
entity-lazy-batch,50,6.5469,0.650
hql-dto,50,5.3525,0.246
blaze-view-join,50,2.9483,0.383
blaze-view-multiset,50,3.5927,0.339
entity-fetch-join,50,3.5578,0.429
entity-lazy,50,88.4534,1.049
entity-lazy-batch,50,7.2810,0.650
spring-data-projection,50,105.2401,2.808
blaze-view-join,50,2.9754,0.383
blaze-view-multiset,50,3.5982,0.339
entity-fetch-join,50,3.3752,0.429
entity-lazy,50,95.5119,1.049
entity-lazy-batch,50,6.6996,0.650
spring-data-projection,50,99.1706,2.808
hql-dto,50,5.0240,0.246
blaze-view-multiset,50,3.3725,0.339
entity-fetch-join,50,3.2588,0.429
entity-lazy,50,89.7742,1.049
entity-lazy-batch,50,6.2019,0.650
spring-data-projection,50,97.2335,2.808
hql-dto,50,4.8291,0.246
blaze-view-join,50,3.0990,0.383
entity-fetch-join,50,3.5378,0.429
entity-lazy,50,94.8616,1.049
entity-lazy-batch,50,7.5951,0.650
spring-data-projection,50,99.4734,2.808
hql-dto,50,5.2272,0.244
blaze-view-join,50,3.0758,0.383
blaze-view-multiset,50,3.5772,0.339
entity-lazy,50,93.7892,1.049
entity-lazy-batch,50,7.0609,0.650
spring-data-projection,50,103.6336,2.808
hql-dto,50,5.2653,0.246
blaze-view-join,50,3.3717,0.383
blaze-view-multiset,50,5.0334,0.339
entity-fetch-join,50,3.6547,0.429
entity-lazy-batch,50,6.9675,0.650
spring-data-projection,50,103.0544,2.808
hql-dto,50,5.2169,0.240
blaze-view-join,50,3.1194,0.383
blaze-view-multiset,50,3.5505,0.339
entity-fetch-join,50,3.4623,0.429
entity-lazy,50,96.7064,1.049
spring-data-projection,50,111.9863,2.808
hql-dto,50,4.8573,0.240
blaze-view-join,50,3.8824,0.383
blaze-view-multiset,50,4.1161,0.339
entity-fetch-join,50,4.0578,0.429
entity-lazy,50,104.2462,1.049
entity-lazy-batch,50,7.4147,0.650
hql-dto,50,4.9340,0.240
blaze-view-join,50,3.0286,0.383
blaze-view-multiset,50,4.0896,0.339
entity-fetch-join,50,3.9389,0.429
entity-lazy,50,117.8118,1.049
entity-lazy-batch,50,7.2454,0.650
spring-data-projection,50,101.4248,2.808
blaze-view-join,50,2.8407,0.383
blaze-view-multiset,50,3.5795,0.339
entity-fetch-join,50,3.4735,0.429
entity-lazy,50,91.7233,1.049
entity-lazy-batch,50,7.0606,0.650
spring-data-projection,50,100.9671,2.808
hql-dto,50,5.3323,0.240
blaze-view-multiset,50,3.6025,0.339
entity-fetch-join,50,3.7102,0.429
entity-lazy,50,94.5067,1.049
entity-lazy-batch,50,6.9463,0.650
spring-data-projection,50,102.2318,2.808
hql-dto,50,4.9489,0.240
blaze-view-join,50,2.7603,0.383
entity-fetch-join,50,3.5763,0.429
entity-lazy,50,94.1831,1.049
entity-lazy-batch,50,6.6178,0.650
spring-data-projection,50,100.0950,2.808
hql-dto,50,4.5628,0.240
blaze-view-join,50,3.0497,0.383
blaze-view-multiset,50,3.2999,0.339
entity-lazy,50,100.0581,1.049
entity-lazy-batch,50,7.7031,0.650
spring-data-projection,50,99.4901,2.808
hql-dto,50,4.9439,0.240
blaze-view-join,50,2.8375,0.383
blaze-view-multiset,50,3.2232,0.339
entity-fetch-join,50,3.3313,0.429
entity-lazy-batch,50,6.6134,0.650
spring-data-projection,50,100.4968,2.808
hql-dto,50,5.0123,0.240
blaze-view-join,50,3.1729,0.383
blaze-view-multiset,50,3.8084,0.339
entity-fetch-join,50,3.6334,0.429
entity-lazy,50,97.3788,1.049
spring-data-projection,50,101.3352,2.808
hql-dto,50,4.6749,0.240
blaze-view-join,50,2.3837,0.383
blaze-view-multiset,50,3.2053,0.339
entity-fetch-join,50,3.1067,0.429
entity-lazy,50,92.9271,1.049
entity-lazy-batch,50,6.5314,0.650
hql-dto,50,4.4705,0.240
blaze-view-join,50,3.3729,0.383
blaze-view-multiset,50,3.3167,0.339
entity-fetch-join,50,3.5239,0.429
entity-lazy,50,96.1620,1.049
entity-lazy-batch,50,7.4749,0.650
spring-data-projection,50,100.5506,2.808
blaze-view-join,50,2.9004,0.383
blaze-view-multiset,50,3.3747,0.339
entity-fetch-join,50,3.1946,0.429
entity-lazy,50,91.5689,1.049
entity-lazy-batch,50,6.3371,0.650
spring-data-projection,50,101.4607,2.808
hql-dto,50,5.3456,0.240
blaze-view-multiset,50,3.6861,0.339
entity-fetch-join,50,3.1487,0.429
entity-lazy,50,92.4841,1.049
entity-lazy-batch,50,6.1931,0.650
spring-data-projection,50,104.5086,2.808
hql-dto,50,5.0551,0.240
blaze-view-join,50,2.7956,0.383
entity-fetch-join,50,3.5071,0.429
entity-lazy,50,93.3160,1.049
entity-lazy-batch,50,6.2177,0.650
spring-data-projection,50,99.1007,2.808
hql-dto,50,4.9052,0.240
blaze-view-join,50,2.9680,0.383
blaze-view-multiset,50,3.5787,0.339
entity-lazy,50,94.2343,1.049
entity-lazy-batch,50,6.9702,0.650
spring-data-projection,50,99.5172,2.808
hql-dto,50,5.0170,0.240
blaze-view-join,50,3.0191,0.383
blaze-view-multiset,50,3.3140,0.339
entity-fetch-join,50,2.9802,0.429
entity-lazy-batch,50,6.6182,0.650
spring-data-projection,50,104.7107,2.808
hql-dto,50,4.8267,0.240
blaze-view-join,50,3.5146,0.383
blaze-view-multiset,50,3.3518,0.339
entity-fetch-join,50,3.0007,0.429
entity-lazy,50,94.0090,1.049
spring-data-projection,50,100.6710,2.808
hql-dto,50,5.2651,0.240
blaze-view-join,50,2.8372,0.383
blaze-view-multiset,50,3.1820,0.339
entity-fetch-join,50,3.7714,0.429
entity-lazy,50,94.7228,1.049
entity-lazy-batch,50,7.1062,0.650
hql-dto,50,4.8918,0.240
blaze-view-join,50,2.9156,0.383
blaze-view-multiset,50,3.1603,0.339
entity-fetch-join,50,3.4551,0.429
entity-lazy,50,95.0651,1.049
entity-lazy-batch,50,7.1763,0.650
spring-data-projection,50,110.2536,2.808
blaze-view-join,50,3.0700,0.383
blaze-view-multiset,50,3.6340,0.339
entity-fetch-join,50,3.3239,0.429
entity-lazy,50,144.0630,1.049
entity-lazy-batch,50,7.2823,0.650
spring-data-projection,50,100.8677,2.808
hql-dto,50,4.8125,0.240
blaze-view-multiset,50,3.8922,0.339
entity-fetch-join,50,3.8844,0.429
entity-lazy,50,96.5764,1.049
entity-lazy-batch,50,7.1013,0.650
spring-data-projection,50,101.4394,2.808
hql-dto,50,4.9585,0.240
blaze-view-join,50,2.9248,0.383
entity-fetch-join,50,3.2802,0.429
entity-lazy,50,97.5823,1.049
entity-lazy-batch,50,6.6734,0.650
spring-data-projection,50,105.3125,2.808
hql-dto,50,5.2756,0.240
blaze-view-join,50,3.4284,0.383
blaze-view-multiset,50,4.3409,0.339
entity-lazy,50,98.4428,1.049
entity-lazy-batch,50,6.2849,0.650
spring-data-projection,50,117.8997,2.808
hql-dto,50,5.2226,0.240
blaze-view-join,50,3.3575,0.383
blaze-view-multiset,50,3.6228,0.339
entity-fetch-join,50,3.2727,0.429
entity-lazy-batch,50,7.0473,0.650
spring-data-projection,50,100.7945,2.808
hql-dto,50,5.2110,0.240
blaze-view-join,50,2.4185,0.383
blaze-view-multiset,50,3.3765,0.339
entity-fetch-join,50,3.5090,0.429
entity-lazy,50,97.2523,1.049
spring-data-projection,50,97.1957,2.808
hql-dto,50,5.0486,0.240
blaze-view-join,50,2.8319,0.383
blaze-view-multiset,50,3.5536,0.339
entity-fetch-join,50,3.2338,0.429
entity-lazy,50,94.8799,1.049
entity-lazy-batch,50,7.3447,0.650
hql-dto,50,5.3192,0.240
blaze-view-join,50,3.2031,0.383
blaze-view-multiset,50,3.4170,0.339
entity-fetch-join,50,3.2955,0.429
entity-lazy,50,93.2625,1.049
entity-lazy-batch,50,6.6821,0.650
spring-data-projection,50,106.7894,2.808
blaze-view-join,50,2.8254,0.383
blaze-view-multiset,50,3.2203,0.339
entity-fetch-join,50,3.1974,0.429
entity-lazy,50,108.1353,1.049
entity-lazy-batch,50,6.8640,0.650
spring-data-projection,50,108.3460,2.808
hql-dto,50,4.8352,0.240
blaze-view-multiset,50,3.2282,0.339
entity-fetch-join,50,3.0875,0.429
entity-lazy,50,102.0092,1.049
entity-lazy-batch,50,7.6497,0.650
spring-data-projection,50,105.9370,2.808
hql-dto,50,4.8766,0.240
blaze-view-join,50,2.6372,0.383
entity-fetch-join,50,3.1702,0.429
entity-lazy,50,115.7576,1.049
entity-lazy-batch,50,7.3433,0.650
spring-data-projection,50,112.0085,2.808
hql-dto,50,4.9267,0.240
blaze-view-join,50,3.9408,0.385
blaze-view-multiset,50,5.6410,0.339
entity-lazy,50,110.3215,1.049
entity-lazy-batch,50,7.9477,0.650
spring-data-projection,50,109.4369,2.808
hql-dto,50,6.1162,0.240
blaze-view-join,50,3.5465,0.382
blaze-view-multiset,50,3.3200,0.338
entity-fetch-join,50,3.8142,0.429
entity-lazy-batch,50,6.7848,0.650
spring-data-projection,50,96.5745,2.808
hql-dto,50,5.2107,0.240
blaze-view-join,50,3.0820,0.390
blaze-view-multiset,50,3.4041,0.338
entity-fetch-join,50,3.3248,0.429
entity-lazy,50,98.9438,1.049
spring-data-projection,50,98.5091,2.808
hql-dto,50,4.4725,0.240
blaze-view-join,50,2.8179,0.382
blaze-view-multiset,50,3.3593,0.338
entity-fetch-join,50,3.4955,0.429
entity-lazy,50,98.6001,1.049
entity-lazy-batch,50,7.9791,0.650
hql-dto,50,4.8642,0.240
blaze-view-join,50,2.6503,0.382
blaze-view-multiset,50,3.3726,0.338
entity-fetch-join,50,3.1455,0.429
entity-lazy,50,97.7472,1.049
entity-lazy-batch,50,6.7874,0.650
spring-data-projection,50,101.5502,2.808
blaze-view-join,50,2.5731,0.382
blaze-view-multiset,50,3.5656,0.338
entity-fetch-join,50,3.6565,0.429
entity-lazy,50,97.4778,1.049
entity-lazy-batch,50,6.8232,0.650
spring-data-projection,50,111.5670,2.808
hql-dto,50,5.1018,0.240
blaze-view-join,200,7.6321,1.245
blaze-view-multiset,200,7.4835,1.064
entity-fetch-join,200,7.2296,1.662
entity-lazy,200,366.1564,4.118
entity-lazy-batch,200,10.5263,2.126
spring-data-projection,200,392.4041,11.047
hql-dto,200,7.0346,0.877
blaze-view-multiset,200,7.4190,1.064
entity-fetch-join,200,7.6792,1.662
entity-lazy,200,374.2798,4.118
entity-lazy-batch,200,9.3998,2.126
spring-data-projection,200,400.7458,11.047
hql-dto,200,5.9493,0.877
blaze-view-join,200,5.2928,1.245
entity-fetch-join,200,7.1555,1.662
entity-lazy,200,375.3956,4.118
entity-lazy-batch,200,10.6018,2.126
spring-data-projection,200,420.3249,11.047
hql-dto,200,10.4123,0.877
blaze-view-join,200,6.4314,1.245
blaze-view-multiset,200,8.1281,1.064
entity-lazy,200,374.6420,4.118
entity-lazy-batch,200,10.2434,2.126
spring-data-projection,200,392.6117,11.047
hql-dto,200,6.8039,0.877
blaze-view-join,200,5.6485,1.245
blaze-view-multiset,200,6.7960,1.064
entity-fetch-join,200,7.4238,1.662
entity-lazy-batch,200,10.2126,2.127
spring-data-projection,200,397.2816,11.047
hql-dto,200,7.2157,0.877
blaze-view-join,200,6.3415,1.245
blaze-view-multiset,200,7.5739,1.064
entity-fetch-join,200,6.9211,1.662
entity-lazy,200,396.2732,4.118
spring-data-projection,200,429.7197,11.047
hql-dto,200,7.9482,0.877
blaze-view-join,200,5.7041,1.245
blaze-view-multiset,200,7.3296,1.064
entity-fetch-join,200,7.3562,1.662
entity-lazy,200,391.9937,4.118
entity-lazy-batch,200,11.0880,2.126
hql-dto,200,7.0826,0.877
blaze-view-join,200,5.6321,1.245
blaze-view-multiset,200,6.8579,1.064
entity-fetch-join,200,6.9610,1.662
entity-lazy,200,372.2807,4.118
entity-lazy-batch,200,10.4673,2.126
spring-data-projection,200,406.0748,11.047
blaze-view-join,200,5.3967,1.245
blaze-view-multiset,200,7.4636,1.064
entity-fetch-join,200,7.8867,1.662
entity-lazy,200,400.7661,4.118
entity-lazy-batch,200,8.9901,2.126
spring-data-projection,200,396.0923,11.047
hql-dto,200,5.9547,0.877
blaze-view-multiset,200,6.7489,1.065
entity-fetch-join,200,6.4100,1.662
entity-lazy,200,371.1736,4.118
entity-lazy-batch,200,9.3942,2.126
spring-data-projection,200,390.7108,11.047
hql-dto,200,6.1197,0.877
blaze-view-join,200,5.1988,1.245
entity-fetch-join,200,7.6900,1.662
entity-lazy,200,374.4247,4.118
entity-lazy-batch,200,10.5046,2.126
spring-data-projection,200,382.6994,11.047
hql-dto,200,5.7516,0.877
blaze-view-join,200,5.0360,1.245
blaze-view-multiset,200,8.1392,1.064
entity-lazy,200,381.9317,4.118
entity-lazy-batch,200,9.0377,2.126
spring-data-projection,200,378.3167,11.047
hql-dto,200,5.8998,0.877
blaze-view-join,200,5.4705,1.245
blaze-view-multiset,200,6.7809,1.064
entity-fetch-join,200,6.4135,1.662
entity-lazy-batch,200,9.2343,2.126
spring-data-projection,200,401.7006,11.047
hql-dto,200,8.0636,0.877
blaze-view-join,200,5.6179,1.245
blaze-view-multiset,200,7.7114,1.064
entity-fetch-join,200,7.1186,1.662
entity-lazy,200,387.9064,4.118
spring-data-projection,200,387.2325,11.047
hql-dto,200,6.8395,0.877
blaze-view-join,200,5.3084,1.245
blaze-view-multiset,200,6.7637,1.064
entity-fetch-join,200,7.4384,1.662
entity-lazy,200,387.2685,4.118
entity-lazy-batch,200,10.4552,2.126
hql-dto,200,6.5543,0.877
blaze-view-join,200,5.0121,1.245
blaze-view-multiset,200,7.5281,1.064
entity-fetch-join,200,7.0473,1.662
entity-lazy,200,388.7921,4.118
entity-lazy-batch,200,9.5939,2.126
spring-data-projection,200,384.9974,11.047
blaze-view-join,200,4.8127,1.245
blaze-view-multiset,200,6.5614,1.064
entity-fetch-join,200,6.5681,1.662
entity-lazy,200,383.0995,4.118
entity-lazy-batch,200,9.6001,2.126
spring-data-projection,200,398.7949,11.047
hql-dto,200,6.1614,0.877
blaze-view-multiset,200,6.7884,1.064
entity-fetch-join,200,6.4986,1.662
entity-lazy,200,424.6435,4.118
entity-lazy-batch,200,8.8336,2.126
spring-data-projection,200,431.2136,11.047
hql-dto,200,6.2293,0.877
blaze-view-join,200,5.1484,1.245
entity-fetch-join,200,6.7325,1.662
entity-lazy,200,372.1760,4.118
entity-lazy-batch,200,8.1993,2.126
spring-data-projection,200,394.2978,11.047
hql-dto,200,6.5377,0.877
blaze-view-join,200,5.2481,1.245
blaze-view-multiset,200,6.8133,1.066
entity-lazy,200,381.9175,4.118
entity-lazy-batch,200,9.0645,2.126
spring-data-projection,200,416.6883,11.047
hql-dto,200,6.9070,0.877
blaze-view-join,200,5.2543,1.245
blaze-view-multiset,200,6.9293,1.064
entity-fetch-join,200,6.7140,1.662
entity-lazy-batch,200,9.4902,2.126
spring-data-projection,200,388.9656,11.047
hql-dto,200,6.2590,0.877
blaze-view-join,200,5.1509,1.245
blaze-view-multiset,200,7.0637,1.064
entity-fetch-join,200,6.7162,1.662
entity-lazy,200,369.2937,4.118
spring-data-projection,200,394.9984,11.047
hql-dto,200,6.0251,0.877
blaze-view-join,200,5.3821,1.245
blaze-view-multiset,200,7.0915,1.064
entity-fetch-join,200,6.3304,1.662
entity-lazy,200,390.7398,4.118
entity-lazy-batch,200,9.3093,2.126
hql-dto,200,6.4565,0.877
blaze-view-join,200,5.2295,1.245
blaze-view-multiset,200,7.4333,1.064
entity-fetch-join,200,7.1416,1.662
entity-lazy,200,369.9952,4.118
entity-lazy-batch,200,10.1021,2.126
spring-data-projection,200,397.0112,11.047
blaze-view-join,200,4.7605,1.244
blaze-view-multiset,200,6.5833,1.062
entity-fetch-join,200,7.0363,1.662
entity-lazy,200,379.2278,4.118
entity-lazy-batch,200,9.6957,2.126
spring-data-projection,200,397.3721,11.047
hql-dto,200,6.1111,0.877
blaze-view-multiset,200,6.8789,1.062
entity-fetch-join,200,6.7273,1.662
entity-lazy,200,388.0634,4.118
entity-lazy-batch,200,12.0407,2.126
spring-data-projection,200,389.4031,11.047
hql-dto,200,6.0319,0.877
blaze-view-join,200,5.3996,1.243
entity-fetch-join,200,6.9009,1.662
entity-lazy,200,390.6960,4.118
entity-lazy-batch,200,10.3615,2.126
spring-data-projection,200,408.2807,11.047
hql-dto,200,6.4672,0.877
blaze-view-join,200,5.4231,1.243
blaze-view-multiset,200,7.1570,1.061
entity-lazy,200,381.6440,4.118
entity-lazy-batch,200,9.8903,2.126
spring-data-projection,200,398.2977,11.047
hql-dto,200,6.1620,0.877
blaze-view-join,200,5.0627,1.243
blaze-view-multiset,200,6.4364,1.061
entity-fetch-join,200,7.0447,1.662
entity-lazy-batch,200,9.7088,2.126
spring-data-projection,200,399.6904,11.047
hql-dto,200,6.3745,0.878
blaze-view-join,200,5.0330,1.243
blaze-view-multiset,200,6.5000,1.061
entity-fetch-join,200,6.1650,1.662
entity-lazy,200,375.6446,4.118
spring-data-projection,200,382.0426,11.047
hql-dto,200,6.3138,0.877
blaze-view-join,200,5.0986,1.243
blaze-view-multiset,200,7.0818,1.061
entity-fetch-join,200,6.7255,1.662
entity-lazy,200,373.0231,4.118
entity-lazy-batch,200,9.0911,2.126
hql-dto,200,6.4642,0.877
blaze-view-join,200,5.0896,1.243
blaze-view-multiset,200,6.4242,1.061
entity-fetch-join,200,6.3427,1.662
entity-lazy,200,420.1056,4.118
entity-lazy-batch,200,9.6712,2.126
spring-data-projection,200,401.6882,11.047
blaze-view-join,200,5.7496,1.243
blaze-view-multiset,200,6.9605,1.061
entity-fetch-join,200,6.4986,1.662
entity-lazy,200,392.3306,4.118
entity-lazy-batch,200,10.6160,2.126
spring-data-projection,200,418.6531,11.047
hql-dto,200,7.5592,0.877
blaze-view-multiset,200,7.3270,1.061
entity-fetch-join,200,7.2316,1.662
entity-lazy,200,393.1065,4.118
entity-lazy-batch,200,9.9385,2.126
spring-data-projection,200,480.8449,11.047
hql-dto,200,6.6985,0.877
blaze-view-join,200,5.3053,1.243
entity-fetch-join,200,7.2266,1.662
entity-lazy,200,432.1412,4.118
entity-lazy-batch,200,9.9322,2.126
spring-data-projection,200,382.1320,11.047
hql-dto,200,5.9956,0.877
blaze-view-join,200,5.2160,1.243
blaze-view-multiset,200,6.6179,1.061
entity-lazy,200,369.3519,4.118
entity-lazy-batch,200,11.5132,2.127
spring-data-projection,200,428.2685,11.047
hql-dto,200,6.5889,0.877
blaze-view-join,200,6.3349,1.243
blaze-view-multiset,200,9.9512,1.061
entity-fetch-join,200,8.8866,1.662
entity-lazy-batch,200,14.3941,2.126
spring-data-projection,200,437.4994,11.047
hql-dto,200,6.9639,0.877
blaze-view-join,200,6.5251,1.244
blaze-view-multiset,200,10.0885,1.062
entity-fetch-join,200,6.9339,1.662
entity-lazy,200,378.4264,4.118
spring-data-projection,200,387.6316,11.047
hql-dto,200,6.3579,0.877
blaze-view-join,200,4.8975,1.243
blaze-view-multiset,200,6.6973,1.061
entity-fetch-join,200,7.0476,1.662
entity-lazy,200,370.3596,4.118
entity-lazy-batch,200,11.2585,2.126
hql-dto,200,6.0248,0.877
blaze-view-join,200,4.9802,1.243
blaze-view-multiset,200,6.6849,1.061
entity-fetch-join,200,6.6449,1.662
entity-lazy,200,369.0682,4.118
entity-lazy-batch,200,9.1529,2.126
spring-data-projection,200,395.8955,11.047
blaze-view-join,200,4.9688,1.243
blaze-view-multiset,200,6.5604,1.061
entity-fetch-join,200,7.1887,1.662
entity-lazy,200,390.5154,4.118
entity-lazy-batch,200,9.8168,2.126
spring-data-projection,200,408.2563,11.047
hql-dto,200,6.5833,0.877
blaze-view-multiset,200,7.0794,1.061
entity-fetch-join,200,6.7723,1.662
entity-lazy,200,381.4876,4.119
entity-lazy-batch,200,9.4140,2.126
spring-data-projection,200,406.9743,11.047
hql-dto,200,6.5435,0.877
blaze-view-join,200,5.1882,1.243
entity-fetch-join,200,7.6952,1.662
entity-lazy,200,377.4953,4.118
entity-lazy-batch,200,9.8023,2.126
spring-data-projection,200,399.2394,11.047
hql-dto,200,5.5183,0.877
blaze-view-join,200,4.5844,1.243
blaze-view-multiset,200,6.0999,1.061
entity-lazy,200,368.7456,4.118
entity-lazy-batch,200,9.2810,2.126
spring-data-projection,200,393.8660,11.047
hql-dto,200,5.7379,0.877
blaze-view-join,200,5.0396,1.243
blaze-view-multiset,200,6.5957,1.061
entity-fetch-join,200,6.4982,1.662
entity-lazy-batch,200,9.7323,2.126
spring-data-projection,200,428.1682,11.047
hql-dto,200,6.2242,0.877
blaze-view-join,200,4.8603,1.243
blaze-view-multiset,200,6.4740,1.061
entity-fetch-join,200,6.2857,1.662
entity-lazy,200,381.5832,4.118
spring-data-projection,200,397.5533,11.047
hql-dto,200,6.4228,0.877
blaze-view-join,200,4.9292,1.243
blaze-view-multiset,200,6.4175,1.061
entity-fetch-join,200,6.4944,1.662
entity-lazy,200,376.3217,4.118
entity-lazy-batch,200,9.3969,2.126
hql-dto,200,5.6205,0.877
blaze-view-join,200,5.0347,1.243
blaze-view-multiset,200,8.2886,1.061
entity-fetch-join,200,6.7823,1.662
entity-lazy,200,371.1549,4.118
entity-lazy-batch,200,9.3495,2.126
spring-data-projection,200,413.4479,11.047
blaze-view-join,200,5.5287,1.243
blaze-view-multiset,200,7.6006,1.061
entity-fetch-join,200,7.2776,1.662
entity-lazy,200,401.4595,4.118
entity-lazy-batch,200,9.5017,2.126
spring-data-projection,200,397.9954,11.047
hql-dto,200,5.9381,0.877
blaze-view-multiset,200,6.0618,1.060
entity-fetch-join,200,6.4142,1.662
entity-lazy,200,379.2252,4.118
entity-lazy-batch,200,10.4772,2.126
spring-data-projection,200,393.4156,11.047
hql-dto,200,6.0696,0.877
blaze-view-join,200,5.3688,1.242
entity-fetch-join,200,7.2935,1.662
entity-lazy,200,368.8802,4.118
entity-lazy-batch,200,9.0410,2.126
spring-data-projection,200,398.7989,11.047
hql-dto,200,6.2820,0.877
blaze-view-join,200,5.0679,1.242
blaze-view-multiset,200,7.3717,1.060
entity-lazy,200,387.9359,4.118
entity-lazy-batch,200,8.9764,2.126
spring-data-projection,200,400.2590,11.047
hql-dto,200,5.8933,0.877
blaze-view-join,200,4.8472,1.242
blaze-view-multiset,200,7.1444,1.060
entity-fetch-join,200,6.2701,1.662
entity-lazy-batch,200,9.6989,2.126
spring-data-projection,200,405.0651,11.047
hql-dto,200,5.8828,0.877
blaze-view-join,200,5.0243,1.242
blaze-view-multiset,200,6.3577,1.060
entity-fetch-join,200,6.2244,1.662
entity-lazy,200,378.3917,4.118
spring-data-projection,200,400.8855,11.047
hql-dto,200,5.8853,0.877
blaze-view-join,200,4.9200,1.242
blaze-view-multiset,200,6.7523,1.060
entity-fetch-join,200,6.3327,1.662
entity-lazy,200,363.1151,4.118
entity-lazy-batch,200,9.6826,2.126
hql-dto,200,5.7405,0.877
blaze-view-join,200,4.8999,1.242
blaze-view-multiset,200,6.5224,1.060
entity-fetch-join,200,6.5461,1.662
entity-lazy,200,392.2061,4.118
entity-lazy-batch,200,8.8399,2.126
spring-data-projection,200,403.3626,11.047
blaze-view-join,200,4.9442,1.242
blaze-view-multiset,200,6.9500,1.060
entity-fetch-join,200,6.8112,1.662
entity-lazy,200,381.4658,4.118
entity-lazy-batch,200,9.5234,2.126
spring-data-projection,200,422.6260,11.047
hql-dto,200,6.2561,0.877
blaze-view-join,1000,17.8322,5.875
blaze-view-multiset,1000,24.9265,4.956
entity-fetch-join,1000,23.6010,8.183
entity-lazy,1000,1938.7526,20.505
entity-lazy-batch,1000,24.2453,10.033
spring-data-projection,1000,2010.0078,55.215
hql-dto,1000,12.5764,4.251
blaze-view-multiset,1000,23.3127,4.956
entity-fetch-join,1000,23.6038,8.183
entity-lazy,1000,1857.7307,20.505
entity-lazy-batch,1000,24.4401,10.033
spring-data-projection,1000,1919.2854,55.215
hql-dto,1000,12.2696,4.251
blaze-view-join,1000,14.9466,5.875
entity-fetch-join,1000,22.5034,8.183
entity-lazy,1000,1922.7196,20.505
entity-lazy-batch,1000,26.3129,10.036
spring-data-projection,1000,2066.9698,55.215
hql-dto,1000,12.9937,4.251
blaze-view-join,1000,15.8897,5.875
blaze-view-multiset,1000,23.4962,4.956
entity-lazy,1000,2009.1719,20.505
entity-lazy-batch,1000,25.7439,10.033
spring-data-projection,1000,2058.3780,55.215
hql-dto,1000,12.2375,4.251
blaze-view-join,1000,15.2452,5.875
blaze-view-multiset,1000,23.6133,4.957
entity-fetch-join,1000,23.3843,8.183
entity-lazy-batch,1000,24.8129,10.033
spring-data-projection,1000,1917.9170,55.215
hql-dto,1000,13.0590,4.251
blaze-view-join,1000,14.9105,5.875
blaze-view-multiset,1000,23.4922,4.956
entity-fetch-join,1000,25.4676,8.183
entity-lazy,1000,1856.5563,20.505
spring-data-projection,1000,2038.3600,55.215
hql-dto,1000,12.9947,4.251
blaze-view-join,1000,15.7466,5.875
blaze-view-multiset,1000,23.6916,4.956
entity-fetch-join,1000,24.4070,8.183
entity-lazy,1000,2071.9082,20.505
entity-lazy-batch,1000,23.8766,10.033
hql-dto,1000,12.2668,4.251
blaze-view-join,1000,15.2290,5.875
blaze-view-multiset,1000,25.7605,4.956
entity-fetch-join,1000,25.8573,8.183
entity-lazy,1000,1963.7349,20.505
entity-lazy-batch,1000,23.6712,10.033
spring-data-projection,1000,1987.1477,55.215
blaze-view-join,1000,15.7192,5.875
blaze-view-multiset,1000,25.4834,4.956
entity-fetch-join,1000,23.7204,8.183
entity-lazy,1000,1875.8836,20.505
entity-lazy-batch,1000,25.3646,10.033
spring-data-projection,1000,2012.1767,55.215
hql-dto,1000,30.0955,4.251
blaze-view-multiset,1000,24.8757,4.957
entity-fetch-join,1000,25.2441,8.183
entity-lazy,1000,1895.9217,20.505
entity-lazy-batch,1000,26.4986,10.033
spring-data-projection,1000,1906.6755,55.215
hql-dto,1000,12.4282,4.251
blaze-view-join,1000,17.4913,5.875
entity-fetch-join,1000,23.4181,8.183
entity-lazy,1000,1847.4553,20.505
entity-lazy-batch,1000,25.9321,10.033
spring-data-projection,1000,1966.5949,55.215
hql-dto,1000,12.1256,4.251
blaze-view-join,1000,14.9893,5.875
blaze-view-multiset,1000,25.0906,4.956
entity-lazy,1000,1967.7574,20.505
entity-lazy-batch,1000,25.2746,10.033
spring-data-projection,1000,2072.2498,55.215
hql-dto,1000,13.1637,4.251
blaze-view-join,1000,16.1461,5.875
blaze-view-multiset,1000,24.3114,4.956
entity-fetch-join,1000,26.5374,8.183
entity-lazy-batch,1000,27.5155,10.033
spring-data-projection,1000,1996.4056,55.215
hql-dto,1000,12.3732,4.251
blaze-view-join,1000,17.6748,5.875
blaze-view-multiset,1000,23.3460,4.957
entity-fetch-join,1000,23.1473,8.183
entity-lazy,1000,2715.9563,20.505
spring-data-projection,1000,2302.5483,55.215
hql-dto,1000,13.4610,4.251
blaze-view-join,1000,17.1454,5.874
blaze-view-multiset,1000,31.5481,4.956
entity-fetch-join,1000,29.2192,8.183
entity-lazy,1000,2232.8901,20.505
entity-lazy-batch,1000,29.7711,10.033
hql-dto,1000,12.6548,4.251
blaze-view-join,1000,16.2402,5.874
blaze-view-multiset,1000,24.3373,4.956
entity-fetch-join,1000,23.9591,8.183
entity-lazy,1000,1899.7092,20.505
entity-lazy-batch,1000,29.6667,10.033
spring-data-projection,1000,1997.1100,55.215
blaze-view-join,1000,16.3273,5.874
blaze-view-multiset,1000,23.9548,4.956
entity-fetch-join,1000,25.2583,8.183
entity-lazy,1000,1885.4623,20.505
entity-lazy-batch,1000,25.4408,10.033
spring-data-projection,1000,2018.4655,55.215
hql-dto,1000,12.8978,4.251
blaze-view-multiset,1000,24.1324,4.956
entity-fetch-join,1000,23.0120,8.183
entity-lazy,1000,1906.3558,20.505
entity-lazy-batch,1000,29.0859,10.033
spring-data-projection,1000,1973.2814,55.215
hql-dto,1000,13.1915,4.251
blaze-view-join,1000,17.8163,5.874
entity-fetch-join,1000,23.3316,8.183
entity-lazy,1000,1828.0973,20.505
entity-lazy-batch,1000,25.2915,10.033
spring-data-projection,1000,1985.3834,55.215
hql-dto,1000,12.7327,4.251
blaze-view-join,1000,15.3993,5.874
blaze-view-multiset,1000,23.8288,4.956
entity-lazy,1000,1877.7107,20.505
entity-lazy-batch,1000,25.4008,10.033
spring-data-projection,1000,2003.5322,55.215
hql-dto,1000,13.8078,4.251
blaze-view-join,1000,18.1049,5.874
blaze-view-multiset,1000,25.6172,4.956
entity-fetch-join,1000,23.8843,8.183
entity-lazy-batch,1000,25.0059,10.033
spring-data-projection,1000,1997.2581,55.215
hql-dto,1000,12.9809,4.251
blaze-view-join,1000,16.5830,5.874
blaze-view-multiset,1000,24.5044,4.956
entity-fetch-join,1000,25.0245,8.183
entity-lazy,1000,1877.2961,20.505
spring-data-projection,1000,1924.4991,55.215
hql-dto,1000,12.8395,4.251
blaze-view-join,1000,15.7855,5.875
blaze-view-multiset,1000,24.6285,4.957
entity-fetch-join,1000,25.6107,8.183
entity-lazy,1000,1908.6462,20.505
entity-lazy-batch,1000,27.4909,10.033
hql-dto,1000,14.3264,4.251
blaze-view-join,1000,16.6162,5.874
blaze-view-multiset,1000,25.5681,4.956
entity-fetch-join,1000,23.3965,8.183
entity-lazy,1000,2044.9884,20.505
entity-lazy-batch,1000,32.2264,10.033
spring-data-projection,1000,2088.7493,55.215
blaze-view-join,1000,16.2977,5.874
blaze-view-multiset,1000,24.5346,4.956
entity-fetch-join,1000,24.9254,8.183
entity-lazy,1000,1818.7478,20.505
entity-lazy-batch,1000,25.9881,10.033
spring-data-projection,1000,1899.6937,55.215
hql-dto,1000,14.1865,4.251
blaze-view-multiset,1000,31.2882,4.956
entity-fetch-join,1000,24.9040,8.183
entity-lazy,1000,1905.4317,20.505
entity-lazy-batch,1000,26.6099,10.033
spring-data-projection,1000,2025.7340,55.215
hql-dto,1000,12.5962,4.251
blaze-view-join,1000,19.6276,5.874
entity-fetch-join,1000,26.1797,8.183
entity-lazy,1000,1879.0838,20.505
entity-lazy-batch,1000,26.3266,10.033
spring-data-projection,1000,2011.9727,55.215
hql-dto,1000,12.6997,4.251
blaze-view-join,1000,15.6670,5.874
blaze-view-multiset,1000,23.5649,4.956
entity-lazy,1000,1867.3116,20.505
entity-lazy-batch,1000,24.2074,10.033
spring-data-projection,1000,2021.7035,55.215
hql-dto,1000,12.5649,4.251
blaze-view-join,1000,15.1216,5.874
blaze-view-multiset,1000,23.9591,4.956
entity-fetch-join,1000,25.8156,8.183
entity-lazy-batch,1000,28.5629,10.033
spring-data-projection,1000,1973.3702,55.215
hql-dto,1000,14.3057,4.251
blaze-view-join,1000,16.0452,5.874
blaze-view-multiset,1000,26.4117,4.956
entity-fetch-join,1000,23.9880,8.183
entity-lazy,1000,1888.4348,20.505
spring-data-projection,1000,1964.7093,55.215
hql-dto,1000,12.6810,4.251
blaze-view-join,1000,16.9781,5.874
blaze-view-multiset,1000,24.5577,4.956
entity-fetch-join,1000,24.2650,8.183
entity-lazy,1000,2006.9236,20.505
entity-lazy-batch,1000,29.5790,10.033
hql-dto,1000,13.7115,4.251
blaze-view-join,1000,16.8342,5.874
blaze-view-multiset,1000,24.3220,4.956
entity-fetch-join,1000,24.3931,8.183
entity-lazy,1000,1908.3379,20.505
entity-lazy-batch,1000,28.2865,10.033
spring-data-projection,1000,2062.2796,55.215
blaze-view-join,1000,15.2916,5.874
blaze-view-multiset,1000,23.1679,4.956
entity-fetch-join,1000,23.2036,8.183
entity-lazy,1000,1818.6517,20.505
entity-lazy-batch,1000,24.5519,10.033
spring-data-projection,1000,1973.8714,55.215
hql-dto,1000,12.0799,4.251
blaze-view-multiset,1000,24.2334,4.956
entity-fetch-join,1000,26.8241,8.183
entity-lazy,1000,1882.5012,20.505
entity-lazy-batch,1000,25.0494,10.033
spring-data-projection,1000,2065.1511,55.215
hql-dto,1000,13.2982,4.251
blaze-view-join,1000,18.6602,5.875
entity-fetch-join,1000,23.5069,8.183
entity-lazy,1000,1883.7256,20.505
entity-lazy-batch,1000,26.5884,10.033
spring-data-projection,1000,1989.4282,55.215
hql-dto,1000,15.0081,4.251
blaze-view-join,1000,17.1642,5.874
blaze-view-multiset,1000,24.9649,4.957
entity-lazy,1000,1869.2791,20.505
entity-lazy-batch,1000,26.4813,10.033
spring-data-projection,1000,1981.9846,55.215
hql-dto,1000,12.3086,4.251
blaze-view-join,1000,15.2568,5.874
blaze-view-multiset,1000,25.3927,4.956
entity-fetch-join,1000,23.3870,8.183
entity-lazy-batch,1000,25.1595,10.033
spring-data-projection,1000,2048.1002,55.215
hql-dto,1000,13.3400,4.251
blaze-view-join,1000,15.2642,5.874
blaze-view-multiset,1000,23.1659,4.956
entity-fetch-join,1000,23.5844,8.183
entity-lazy,1000,1861.5533,20.505
spring-data-projection,1000,1916.7951,55.215
hql-dto,1000,11.9233,4.251
blaze-view-join,1000,15.2344,5.874
blaze-view-multiset,1000,22.9559,4.956
entity-fetch-join,1000,23.0707,8.183
entity-lazy,1000,1857.4634,20.505
entity-lazy-batch,1000,27.9513,10.033
hql-dto,1000,12.3576,4.251
blaze-view-join,1000,15.7956,5.874
blaze-view-multiset,1000,28.3184,4.956
entity-fetch-join,1000,24.0450,8.183
entity-lazy,1000,1847.9853,20.505
entity-lazy-batch,1000,25.9324,10.033
spring-data-projection,1000,1980.2852,55.215
blaze-view-join,1000,16.2750,5.874
blaze-view-multiset,1000,23.5163,4.956
entity-fetch-join,1000,23.9840,8.183
entity-lazy,1000,2009.7618,20.505
entity-lazy-batch,1000,28.4384,10.033
spring-data-projection,1000,2036.6702,55.215
hql-dto,1000,13.1651,4.251
blaze-view-multiset,1000,24.5660,4.956
entity-fetch-join,1000,24.5970,8.183
entity-lazy,1000,1909.8926,20.505
entity-lazy-batch,1000,25.2409,10.033
spring-data-projection,1000,2021.6729,55.215
hql-dto,1000,12.4460,4.251
blaze-view-join,1000,15.7078,5.874
entity-fetch-join,1000,24.7207,8.183
entity-lazy,1000,1940.6745,20.505
entity-lazy-batch,1000,24.6683,10.033
spring-data-projection,1000,2007.0102,55.215
hql-dto,1000,12.7035,4.251
blaze-view-join,1000,15.1694,5.874
blaze-view-multiset,1000,25.8303,4.956
entity-lazy,1000,1863.5610,20.505
entity-lazy-batch,1000,26.3522,10.033
spring-data-projection,1000,1945.0376,55.215
hql-dto,1000,12.8420,4.251
blaze-view-join,1000,18.1702,5.874
blaze-view-multiset,1000,26.7217,4.956
entity-fetch-join,1000,24.7151,8.183
entity-lazy-batch,1000,26.8857,10.033
spring-data-projection,1000,1942.3745,55.215
hql-dto,1000,12.6974,4.251
blaze-view-join,1000,15.6596,5.874
blaze-view-multiset,1000,23.4910,4.956
entity-fetch-join,1000,27.8193,8.183
entity-lazy,1000,2031.8715,20.505
spring-data-projection,1000,1969.7370,55.215
hql-dto,1000,12.8466,4.251
blaze-view-join,1000,19.3617,5.875
blaze-view-multiset,1000,27.8076,4.957
entity-fetch-join,1000,25.7923,8.183
entity-lazy,1000,1825.9169,20.505
entity-lazy-batch,1000,24.0288,10.033
hql-dto,1000,11.9241,4.251
blaze-view-join,1000,17.3814,5.874
blaze-view-multiset,1000,24.3578,4.956
entity-fetch-join,1000,23.8393,8.183
entity-lazy,1000,1803.2622,20.505
entity-lazy-batch,1000,27.0832,10.033
spring-data-projection,1000,1969.6484,55.215
blaze-view-join,1000,15.1003,5.874
blaze-view-multiset,1000,24.7796,4.956
entity-fetch-join,1000,25.9677,8.183
entity-lazy,1000,1895.6496,20.505
entity-lazy-batch,1000,24.2413,10.033
spring-data-projection,1000,1957.3611,55.215
hql-dto,1000,13.1433,4.251
blaze-view-multiset,1000,24.4347,4.956
entity-fetch-join,1000,25.6563,8.183
entity-lazy,1000,1862.4769,20.505
entity-lazy-batch,1000,31.5147,10.033
spring-data-projection,1000,1985.8061,55.215
hql-dto,1000,12.1241,4.251
blaze-view-join,1000,15.9379,5.874
entity-fetch-join,1000,23.4405,8.183
entity-lazy,1000,1875.2288,20.505
entity-lazy-batch,1000,25.5178,10.033
spring-data-projection,1000,1981.0910,55.215
hql-dto,1000,12.9379,4.251
blaze-view-join,1000,18.3461,5.874
blaze-view-multiset,1000,27.4781,4.956
entity-lazy,1000,1898.8253,20.505
entity-lazy-batch,1000,25.0639,10.033
spring-data-projection,1000,1946.4426,55.215
hql-dto,1000,12.2328,4.251
blaze-view-join,1000,15.5218,5.874
blaze-view-multiset,1000,26.3132,4.956
entity-fetch-join,1000,24.6079,8.183
entity-lazy-batch,1000,25.3811,10.033
spring-data-projection,1000,1929.4821,55.215
hql-dto,1000,13.2509,4.251
blaze-view-join,1000,14.8699,5.874
blaze-view-multiset,1000,22.6317,4.956
entity-fetch-join,1000,22.1577,8.183
entity-lazy,1000,1780.7352,20.505
spring-data-projection,1000,1994.6862,55.215
hql-dto,1000,12.3599,4.251
blaze-view-join,1000,16.3966,5.874
blaze-view-multiset,1000,24.2256,4.956
entity-fetch-join,1000,25.4696,8.183
entity-lazy,1000,1889.5068,20.505
entity-lazy-batch,1000,26.6600,10.033
hql-dto,1000,12.4553,4.251
blaze-view-join,1000,15.3354,5.874
blaze-view-multiset,1000,23.5490,4.956
entity-fetch-join,1000,22.7044,8.183
entity-lazy,1000,1945.1658,20.505
entity-lazy-batch,1000,26.3530,10.033
spring-data-projection,1000,2018.4173,55.215
blaze-view-join,1000,15.7300,5.874
blaze-view-multiset,1000,24.2220,4.956
entity-fetch-join,1000,23.1384,8.183
entity-lazy,1000,2007.1696,20.505
entity-lazy-batch,1000,25.8518,10.033
spring-data-projection,1000,1975.5045,55.215
hql-dto,1000,12.4771,4.251
