scenario,customers,latency_ms,allocated_mb
blaze-from-subquery,100,5.8427,0.243
jpql-not-exists,100,19.2522,0.084
hql-derived-table,100,4.1170,0.084
hql-cte,100,3.6885,0.084
native-distinct-on,100,25.3007,0.088
blaze-cte,100,4.7473,0.211
jpql-not-exists,100,19.4020,0.084
hql-derived-table,100,5.0476,0.084
hql-cte,100,4.1344,0.084
native-distinct-on,100,21.9602,0.087
blaze-cte,100,5.4988,0.211
blaze-from-subquery,100,5.9875,0.249
hql-derived-table,100,3.9842,0.084
hql-cte,100,4.2982,0.084
native-distinct-on,100,21.4004,0.087
blaze-cte,100,5.1666,0.211
blaze-from-subquery,100,5.2339,0.243
jpql-not-exists,100,19.4705,0.084
hql-cte,100,3.9907,0.084
native-distinct-on,100,21.7235,0.087
blaze-cte,100,4.9620,0.211
blaze-from-subquery,100,7.8494,0.275
jpql-not-exists,100,19.4940,0.084
hql-derived-table,100,3.3030,0.084
native-distinct-on,100,22.3646,0.087
blaze-cte,100,6.1034,0.211
blaze-from-subquery,100,4.8689,0.243
jpql-not-exists,100,18.4766,0.084
hql-derived-table,100,3.9153,0.084
hql-cte,100,3.2475,0.084
blaze-cte,100,4.1880,0.211
blaze-from-subquery,100,4.4743,0.243
jpql-not-exists,100,18.8355,0.084
hql-derived-table,100,3.5611,0.084
hql-cte,100,3.2238,0.084
native-distinct-on,100,21.3855,0.087
blaze-from-subquery,100,4.8605,0.243
jpql-not-exists,100,19.5596,0.084
hql-derived-table,100,4.2715,0.084
hql-cte,100,5.6149,0.084
native-distinct-on,100,24.9728,0.087
blaze-cte,100,5.2980,0.211
jpql-not-exists,100,18.6648,0.084
hql-derived-table,100,4.7234,0.084
hql-cte,100,3.7777,0.084
native-distinct-on,100,21.4827,0.087
blaze-cte,100,4.6940,0.211
blaze-from-subquery,100,5.2955,0.243
hql-derived-table,100,4.1271,0.084
hql-cte,100,3.1590,0.084
native-distinct-on,100,21.6636,0.087
blaze-cte,100,5.3098,0.211
blaze-from-subquery,100,5.3774,0.243
jpql-not-exists,100,18.6703,0.084
hql-cte,100,3.6999,0.084
native-distinct-on,100,22.2808,0.087
blaze-cte,100,4.7362,0.211
blaze-from-subquery,100,4.6636,0.243
jpql-not-exists,100,19.2108,0.084
hql-derived-table,100,3.9317,0.084
native-distinct-on,100,22.4580,0.087
blaze-cte,100,6.5482,0.211
blaze-from-subquery,100,6.8560,0.243
jpql-not-exists,100,19.4751,0.084
hql-derived-table,100,3.6786,0.084
hql-cte,100,3.4856,0.084
blaze-cte,100,4.8829,0.211
blaze-from-subquery,100,4.9152,0.243
jpql-not-exists,100,18.7117,0.084
hql-derived-table,100,3.5273,0.084
hql-cte,100,4.6902,0.084
native-distinct-on,100,21.4121,0.087
blaze-from-subquery,100,4.7442,0.243
jpql-not-exists,100,18.5310,0.084
hql-derived-table,100,5.0047,0.084
hql-cte,100,4.9431,0.084
native-distinct-on,100,21.6881,0.087
blaze-cte,100,4.9060,0.211
jpql-not-exists,100,19.1063,0.084
hql-derived-table,100,3.2600,0.084
hql-cte,100,3.0104,0.084
native-distinct-on,100,21.5157,0.088
blaze-cte,100,5.0777,0.211
blaze-from-subquery,100,5.0116,0.243
hql-derived-table,100,3.2289,0.084
hql-cte,100,2.9658,0.084
native-distinct-on,100,25.7384,0.087
blaze-cte,100,6.0328,0.211
blaze-from-subquery,100,5.3525,0.243
jpql-not-exists,100,19.7540,0.084
hql-cte,100,3.5784,0.084
native-distinct-on,100,20.6288,0.087
blaze-cte,100,4.8500,0.211
blaze-from-subquery,100,4.6272,0.243
jpql-not-exists,100,17.9616,0.084
hql-derived-table,100,3.3413,0.084
native-distinct-on,100,20.3517,0.087
blaze-cte,100,4.4630,0.211
blaze-from-subquery,100,4.8877,0.243
jpql-not-exists,100,18.5705,0.085
hql-derived-table,100,3.4621,0.084
hql-cte,100,2.9662,0.084
blaze-cte,100,4.1984,0.211
blaze-from-subquery,100,4.8062,0.243
jpql-not-exists,100,17.6740,0.084
hql-derived-table,100,3.9688,0.084
hql-cte,100,2.8410,0.084
native-distinct-on,100,21.6910,0.087
blaze-from-subquery,100,4.6902,0.243
jpql-not-exists,100,18.0821,0.084
hql-derived-table,100,3.1986,0.084
hql-cte,100,2.6913,0.084
native-distinct-on,100,20.9983,0.087
blaze-cte,100,3.8728,0.211
jpql-not-exists,100,18.0284,0.084
hql-derived-table,100,3.4023,0.084
hql-cte,100,2.9272,0.084
native-distinct-on,100,20.7656,0.087
blaze-cte,100,4.1992,0.211
blaze-from-subquery,100,3.8182,0.243
hql-derived-table,100,2.8745,0.084
hql-cte,100,2.4004,0.084
native-distinct-on,100,20.5409,0.087
blaze-cte,100,4.1911,0.211
blaze-from-subquery,100,4.1481,0.243
jpql-not-exists,100,17.8684,0.084
hql-cte,100,3.3880,0.084
native-distinct-on,100,20.9134,0.087
blaze-cte,100,4.3627,0.212
blaze-from-subquery,100,3.9222,0.243
jpql-not-exists,100,17.5075,0.084
hql-derived-table,100,3.1627,0.084
native-distinct-on,100,21.0524,0.087
blaze-cte,100,4.1816,0.211
blaze-from-subquery,100,4.2754,0.243
jpql-not-exists,100,18.5406,0.084
hql-derived-table,100,3.1889,0.084
hql-cte,100,3.0802,0.084
blaze-cte,100,4.3861,0.211
blaze-from-subquery,100,4.2767,0.243
jpql-not-exists,100,18.4640,0.084
hql-derived-table,100,3.4430,0.084
hql-cte,100,3.2407,0.084
native-distinct-on,100,20.3952,0.087
blaze-from-subquery,100,4.3495,0.243
jpql-not-exists,100,18.1638,0.084
hql-derived-table,100,3.3926,0.084
hql-cte,100,3.1866,0.084
native-distinct-on,100,20.8206,0.087
blaze-cte,100,4.3734,0.211
jpql-not-exists,100,19.2597,0.084
hql-derived-table,100,3.9772,0.084
hql-cte,100,3.3932,0.084
native-distinct-on,100,21.1374,0.087
blaze-cte,100,5.6025,0.211
blaze-from-subquery,100,5.5260,0.243
hql-derived-table,100,3.3850,0.084
hql-cte,100,2.6769,0.084
native-distinct-on,100,20.5432,0.087
blaze-cte,100,4.2259,0.211
blaze-from-subquery,100,4.6954,0.243
jpql-not-exists,100,19.4967,0.084
hql-cte,100,4.2702,0.084
native-distinct-on,100,22.0449,0.087
blaze-cte,100,4.8935,0.211
blaze-from-subquery,100,5.1685,0.243
jpql-not-exists,100,19.9731,0.084
hql-derived-table,100,4.3833,0.084
native-distinct-on,100,22.5518,0.087
blaze-cte,100,4.6918,0.211
blaze-from-subquery,100,5.1762,0.243
jpql-not-exists,100,19.5408,0.084
hql-derived-table,100,3.6887,0.084
hql-cte,100,3.5879,0.084
blaze-cte,100,4.6438,0.211
blaze-from-subquery,100,5.4927,0.243
jpql-not-exists,100,19.0195,0.084
hql-derived-table,100,3.2876,0.084
hql-cte,100,3.0677,0.084
native-distinct-on,100,21.9335,0.087
blaze-from-subquery,1000,14.6595,0.982
jpql-not-exists,1000,59.0377,0.796
hql-derived-table,1000,12.5623,0.796
hql-cte,1000,12.3856,0.796
native-distinct-on,1000,30.6711,0.803
blaze-cte,1000,16.3344,0.950
jpql-not-exists,1000,56.9533,0.796
hql-derived-table,1000,12.9477,0.796
hql-cte,1000,12.3980,0.796
native-distinct-on,1000,31.0872,0.803
blaze-cte,1000,14.3177,0.950
blaze-from-subquery,1000,14.2103,0.982
hql-derived-table,1000,12.6049,0.796
hql-cte,1000,16.5929,0.796
native-distinct-on,1000,31.2774,0.803
blaze-cte,1000,16.5581,0.950
blaze-from-subquery,1000,16.4311,0.982
jpql-not-exists,1000,60.6737,0.796
hql-cte,1000,13.0355,0.796
native-distinct-on,1000,31.0905,0.803
blaze-cte,1000,14.2802,0.950
blaze-from-subquery,1000,13.9470,0.982
jpql-not-exists,1000,61.1475,0.796
hql-derived-table,1000,12.5089,0.796
native-distinct-on,1000,29.6540,0.803
blaze-cte,1000,14.1617,0.950
blaze-from-subquery,1000,14.6049,0.982
jpql-not-exists,1000,59.0634,0.796
hql-derived-table,1000,12.6189,0.796
hql-cte,1000,12.3251,0.796
blaze-cte,1000,13.9552,0.949
blaze-from-subquery,1000,13.8254,0.980
jpql-not-exists,1000,57.5661,0.796
hql-derived-table,1000,12.5562,0.796
hql-cte,1000,12.2432,0.796
native-distinct-on,1000,30.6412,0.803
blaze-from-subquery,1000,14.8653,0.980
jpql-not-exists,1000,58.2281,0.796
hql-derived-table,1000,12.6164,0.796
hql-cte,1000,11.2991,0.796
native-distinct-on,1000,30.5401,0.803
blaze-cte,1000,15.5198,0.949
jpql-not-exists,1000,58.6146,0.796
hql-derived-table,1000,12.9478,0.796
hql-cte,1000,11.7751,0.796
native-distinct-on,1000,30.2679,0.803
blaze-cte,1000,14.9766,0.949
blaze-from-subquery,1000,15.2456,0.980
hql-derived-table,1000,12.4961,0.796
hql-cte,1000,11.4295,0.796
native-distinct-on,1000,30.3958,0.803
blaze-cte,1000,14.8623,0.949
blaze-from-subquery,1000,14.3419,0.980
jpql-not-exists,1000,58.0844,0.796
hql-cte,1000,13.0504,0.796
native-distinct-on,1000,31.8879,0.803
blaze-cte,1000,15.7660,0.949
blaze-from-subquery,1000,14.5080,0.980
jpql-not-exists,1000,57.0744,0.796
hql-derived-table,1000,13.3476,0.796
native-distinct-on,1000,29.6658,0.803
blaze-cte,1000,13.1693,0.948
blaze-from-subquery,1000,13.6193,0.980
jpql-not-exists,1000,57.5860,0.796
hql-derived-table,1000,12.2867,0.796
hql-cte,1000,13.0883,0.796
blaze-cte,1000,13.9881,0.948
blaze-from-subquery,1000,14.0367,0.980
jpql-not-exists,1000,56.8188,0.796
hql-derived-table,1000,12.6575,0.796
hql-cte,1000,11.7567,0.796
native-distinct-on,1000,28.7675,0.803
blaze-from-subquery,1000,14.5345,0.980
jpql-not-exists,1000,58.1474,0.796
hql-derived-table,1000,13.4597,0.796
hql-cte,1000,12.7012,0.796
native-distinct-on,1000,30.9700,0.803
blaze-cte,1000,13.6209,0.948
jpql-not-exists,1000,60.6956,0.796
hql-derived-table,1000,12.6920,0.796
hql-cte,1000,12.1245,0.796
native-distinct-on,1000,30.1468,0.803
blaze-cte,1000,12.8826,0.948
blaze-from-subquery,1000,14.3886,0.980
hql-derived-table,1000,12.2514,0.796
hql-cte,1000,11.6774,0.796
native-distinct-on,1000,30.1367,0.803
blaze-cte,1000,15.0827,0.948
blaze-from-subquery,1000,13.9975,0.980
jpql-not-exists,1000,59.2060,0.796
hql-cte,1000,14.6987,0.796
native-distinct-on,1000,32.6863,0.803
blaze-cte,1000,14.8758,0.948
blaze-from-subquery,1000,14.5804,0.980
jpql-not-exists,1000,58.2728,0.796
hql-derived-table,1000,12.9324,0.796
native-distinct-on,1000,29.9935,0.803
blaze-cte,1000,13.8374,0.948
blaze-from-subquery,1000,15.3996,0.980
jpql-not-exists,1000,59.6089,0.796
hql-derived-table,1000,12.7245,0.796
hql-cte,1000,12.6535,0.796
blaze-cte,1000,13.9193,0.949
blaze-from-subquery,1000,14.7067,0.980
jpql-not-exists,1000,56.7796,0.796
hql-derived-table,1000,12.6038,0.796
hql-cte,1000,11.5716,0.796
native-distinct-on,1000,31.1154,0.803
blaze-from-subquery,1000,14.2891,0.980
jpql-not-exists,1000,57.4994,0.796
hql-derived-table,1000,13.0539,0.796
hql-cte,1000,12.5283,0.796
native-distinct-on,1000,30.8885,0.803
blaze-cte,1000,14.8033,0.948
jpql-not-exists,1000,59.1239,0.796
hql-derived-table,1000,13.2283,0.796
hql-cte,1000,13.1311,0.796
native-distinct-on,1000,31.3077,0.803
blaze-cte,1000,14.4372,0.949
blaze-from-subquery,1000,14.6515,0.980
hql-derived-table,1000,12.0054,0.796
hql-cte,1000,11.9953,0.796
native-distinct-on,1000,30.4730,0.803
blaze-cte,1000,14.3985,0.948
blaze-from-subquery,1000,14.4635,0.980
jpql-not-exists,1000,58.0667,0.796
hql-cte,1000,13.1835,0.796
native-distinct-on,1000,31.5146,0.803
blaze-cte,1000,14.6230,0.949
blaze-from-subquery,1000,14.1472,0.980
jpql-not-exists,1000,63.1174,0.796
hql-derived-table,1000,12.8685,0.796
native-distinct-on,1000,31.4601,0.803
blaze-cte,1000,14.9219,0.948
blaze-from-subquery,1000,14.5177,0.980
jpql-not-exists,1000,59.3369,0.796
hql-derived-table,1000,12.8247,0.796
hql-cte,1000,13.2938,0.796
blaze-cte,1000,14.2206,0.948
blaze-from-subquery,1000,14.3993,0.980
jpql-not-exists,1000,62.7311,0.796
hql-derived-table,1000,13.2222,0.796
hql-cte,1000,12.5673,0.796
native-distinct-on,1000,30.5359,0.803
blaze-from-subquery,1000,14.9182,0.980
jpql-not-exists,1000,57.0915,0.796
hql-derived-table,1000,12.7264,0.796
hql-cte,1000,12.5656,0.796
native-distinct-on,1000,29.0841,0.803
blaze-cte,1000,13.4586,0.948
jpql-not-exists,1000,61.4753,0.796
hql-derived-table,1000,12.5740,0.796
hql-cte,1000,11.4929,0.796
native-distinct-on,1000,28.8558,0.803
blaze-cte,1000,14.5659,0.948
blaze-from-subquery,1000,13.9653,0.980
hql-derived-table,1000,12.0672,0.796
hql-cte,1000,11.6019,0.796
native-distinct-on,1000,48.7515,0.803
blaze-cte,1000,14.5210,0.949
blaze-from-subquery,1000,14.2344,0.980
jpql-not-exists,1000,61.2621,0.796
hql-cte,1000,12.8807,0.796
native-distinct-on,1000,31.1987,0.803
blaze-cte,1000,14.3778,0.949
blaze-from-subquery,1000,13.6843,0.980
jpql-not-exists,1000,60.7290,0.796
hql-derived-table,1000,12.7332,0.796
native-distinct-on,1000,29.9016,0.835
blaze-cte,1000,13.2054,0.948
blaze-from-subquery,1000,12.9654,0.980
jpql-not-exists,1000,58.9233,0.796
hql-derived-table,1000,12.5291,0.796
hql-cte,1000,12.2374,0.796
blaze-cte,1000,14.4288,0.948
blaze-from-subquery,1000,15.0005,0.980
jpql-not-exists,1000,58.8260,0.796
hql-derived-table,1000,12.1637,0.796
hql-cte,1000,11.9212,0.796
native-distinct-on,1000,29.6774,0.803
blaze-from-subquery,10000,104.7116,8.414
jpql-not-exists,10000,125.1971,7.955
hql-derived-table,10000,78.7740,7.955
hql-cte,10000,78.7615,7.955
native-distinct-on,10000,106.9849,7.997
blaze-cte,10000,109.9014,8.383
jpql-not-exists,10000,146.4948,7.955
hql-derived-table,10000,81.6750,7.955
hql-cte,10000,87.1043,7.955
native-distinct-on,10000,108.1375,7.997
blaze-cte,10000,108.7293,8.383
blaze-from-subquery,10000,113.0732,8.414
hql-derived-table,10000,75.6690,7.955
hql-cte,10000,82.9272,7.955
native-distinct-on,10000,111.9861,7.997
blaze-cte,10000,112.5481,8.383
blaze-from-subquery,10000,107.8023,8.414
jpql-not-exists,10000,124.5577,7.955
hql-cte,10000,82.2166,7.955
native-distinct-on,10000,104.1693,7.997
blaze-cte,10000,107.4211,8.383
blaze-from-subquery,10000,116.5058,8.414
jpql-not-exists,10000,134.5899,7.955
hql-derived-table,10000,79.1099,7.955
native-distinct-on,10000,105.8980,7.997
blaze-cte,10000,110.6215,8.383
blaze-from-subquery,10000,109.7493,8.414
jpql-not-exists,10000,130.5060,7.955
hql-derived-table,10000,78.0709,7.955
hql-cte,10000,80.7667,7.955
blaze-cte,10000,105.1379,8.383
blaze-from-subquery,10000,107.4464,8.414
jpql-not-exists,10000,130.0236,7.955
hql-derived-table,10000,77.2543,7.955
hql-cte,10000,77.1713,7.955
native-distinct-on,10000,104.6053,7.997
blaze-from-subquery,10000,110.0150,8.415
jpql-not-exists,10000,128.1114,7.955
hql-derived-table,10000,79.3322,7.955
hql-cte,10000,80.2952,7.955
native-distinct-on,10000,102.7609,7.997
blaze-cte,10000,110.7246,8.383
jpql-not-exists,10000,138.4685,7.955
hql-derived-table,10000,80.9407,7.955
hql-cte,10000,78.8511,7.955
native-distinct-on,10000,111.5395,7.997
blaze-cte,10000,115.6646,8.383
blaze-from-subquery,10000,114.2017,8.414
hql-derived-table,10000,78.0613,7.955
hql-cte,10000,78.8929,7.955
native-distinct-on,10000,107.2004,7.997
blaze-cte,10000,111.6618,8.383
blaze-from-subquery,10000,115.5652,8.414
jpql-not-exists,10000,126.0420,7.955
hql-cte,10000,78.5602,7.955
native-distinct-on,10000,113.6686,7.997
blaze-cte,10000,113.0045,8.383
blaze-from-subquery,10000,113.7944,8.414
jpql-not-exists,10000,127.7024,7.955
hql-derived-table,10000,79.8606,7.955
native-distinct-on,10000,110.8657,7.997
blaze-cte,10000,107.0887,8.383
blaze-from-subquery,10000,114.1754,8.414
jpql-not-exists,10000,122.4060,7.955
hql-derived-table,10000,80.7522,7.955
hql-cte,10000,77.7040,7.955
blaze-cte,10000,110.5527,8.383
blaze-from-subquery,10000,110.8530,8.414
jpql-not-exists,10000,135.2476,7.955
hql-derived-table,10000,80.3812,7.955
hql-cte,10000,77.7728,7.955
native-distinct-on,10000,108.8093,7.997
blaze-from-subquery,10000,109.9337,8.414
jpql-not-exists,10000,123.6941,7.955
hql-derived-table,10000,79.1672,7.955
hql-cte,10000,82.7815,7.955
native-distinct-on,10000,109.4613,7.997
blaze-cte,10000,112.2646,8.383
jpql-not-exists,10000,127.4348,7.955
hql-derived-table,10000,78.0670,7.955
hql-cte,10000,80.9918,7.955
native-distinct-on,10000,105.6490,7.997
blaze-cte,10000,114.5445,8.383
blaze-from-subquery,10000,127.4787,8.414
hql-derived-table,10000,84.6398,7.955
hql-cte,10000,78.7818,7.955
native-distinct-on,10000,113.1811,7.997
blaze-cte,10000,119.5633,8.383
blaze-from-subquery,10000,118.6718,8.414
jpql-not-exists,10000,141.6696,7.955
hql-cte,10000,83.6651,7.955
native-distinct-on,10000,108.9203,7.997
blaze-cte,10000,106.8020,8.383
blaze-from-subquery,10000,122.6150,8.414
jpql-not-exists,10000,134.4415,7.955
hql-derived-table,10000,78.2529,7.955
native-distinct-on,10000,113.4820,7.997
blaze-cte,10000,106.7030,8.383
blaze-from-subquery,10000,110.8214,8.414
jpql-not-exists,10000,139.1607,7.955
hql-derived-table,10000,75.6009,7.955
hql-cte,10000,78.7898,7.955
blaze-cte,10000,114.4379,8.383
blaze-from-subquery,10000,111.3708,8.414
jpql-not-exists,10000,138.0773,7.955
hql-derived-table,10000,79.4134,7.955
hql-cte,10000,81.4532,7.955
native-distinct-on,10000,105.4223,7.997
blaze-from-subquery,10000,112.5337,8.414
jpql-not-exists,10000,123.6189,7.955
hql-derived-table,10000,80.4462,7.955
hql-cte,10000,82.8145,7.955
native-distinct-on,10000,105.8337,7.997
blaze-cte,10000,111.8455,8.383
jpql-not-exists,10000,131.1997,7.955
hql-derived-table,10000,87.5282,7.955
hql-cte,10000,81.9628,7.955
native-distinct-on,10000,113.4094,7.997
blaze-cte,10000,111.0686,8.383
blaze-from-subquery,10000,108.9627,8.414
hql-derived-table,10000,78.0044,7.955
hql-cte,10000,79.6383,7.955
native-distinct-on,10000,109.0837,7.997
blaze-cte,10000,109.2175,8.383
blaze-from-subquery,10000,114.4027,8.414
jpql-not-exists,10000,122.6545,7.955
hql-cte,10000,77.9597,7.955
native-distinct-on,10000,107.3098,7.997
blaze-cte,10000,110.1619,8.383
blaze-from-subquery,10000,111.4131,8.414
jpql-not-exists,10000,126.7390,7.955
hql-derived-table,10000,77.4232,7.955
native-distinct-on,10000,111.1095,7.997
blaze-cte,10000,108.9961,8.383
blaze-from-subquery,10000,109.7550,8.415
jpql-not-exists,10000,123.9958,7.955
hql-derived-table,10000,78.7654,7.955
hql-cte,10000,81.3677,7.955
blaze-cte,10000,108.1363,8.383
blaze-from-subquery,10000,111.8061,8.414
jpql-not-exists,10000,132.8702,7.955
hql-derived-table,10000,87.7066,7.955
hql-cte,10000,78.2013,7.955
native-distinct-on,10000,119.6758,7.997
blaze-from-subquery,10000,109.8506,8.414
jpql-not-exists,10000,122.6921,7.955
hql-derived-table,10000,77.8172,7.955
hql-cte,10000,81.7354,7.955
native-distinct-on,10000,105.2157,7.997
blaze-cte,10000,108.6328,8.383
jpql-not-exists,10000,121.9986,7.955
hql-derived-table,10000,79.5237,7.955
hql-cte,10000,82.6049,7.955
native-distinct-on,10000,110.0325,7.997
blaze-cte,10000,109.0205,8.383
blaze-from-subquery,10000,115.5540,8.414
hql-derived-table,10000,79.9451,7.955
hql-cte,10000,80.2882,7.955
native-distinct-on,10000,103.4385,7.997
blaze-cte,10000,109.2031,8.383
blaze-from-subquery,10000,108.5636,8.414
jpql-not-exists,10000,135.9290,7.955
hql-cte,10000,79.7244,7.955
native-distinct-on,10000,108.5758,7.997
blaze-cte,10000,107.8503,8.383
blaze-from-subquery,10000,112.7345,8.414
jpql-not-exists,10000,125.3430,7.955
hql-derived-table,10000,81.5997,7.955
native-distinct-on,10000,112.9794,7.997
blaze-cte,10000,106.3424,8.386
blaze-from-subquery,10000,109.1020,8.414
jpql-not-exists,10000,121.3315,7.955
hql-derived-table,10000,80.1723,7.955
hql-cte,10000,77.0898,7.955
blaze-cte,10000,107.6364,8.383
blaze-from-subquery,10000,110.7042,8.416
jpql-not-exists,10000,127.1981,7.955
hql-derived-table,10000,78.9364,7.955
hql-cte,10000,79.0746,7.955
native-distinct-on,10000,120.1178,7.997
blaze-from-subquery,100000,12563.8255,81.941
jpql-not-exists,100000,463.8260,78.735
hql-derived-table,100000,970.4265,78.735
hql-cte,100000,922.5451,78.735
native-distinct-on,100000,810.2396,79.120
blaze-cte,100000,12536.6914,81.909
jpql-not-exists,100000,475.5043,78.735
hql-derived-table,100000,904.2355,78.735
hql-cte,100000,866.2106,78.735
native-distinct-on,100000,843.3034,79.120
blaze-cte,100000,12264.5878,81.909
blaze-from-subquery,100000,11757.3936,81.941
hql-derived-table,100000,891.9214,78.735
hql-cte,100000,887.7874,78.735
native-distinct-on,100000,791.6633,79.120
blaze-cte,100000,12229.7882,81.909
blaze-from-subquery,100000,12574.9029,81.942
jpql-not-exists,100000,476.3195,78.735
hql-cte,100000,877.2374,78.735
native-distinct-on,100000,813.2617,79.120
blaze-cte,100000,12664.2720,81.909
blaze-from-subquery,100000,12731.7799,81.941
jpql-not-exists,100000,463.4481,78.735
hql-derived-table,100000,913.8395,78.735
native-distinct-on,100000,839.2905,79.120
blaze-cte,100000,12690.6462,81.909
blaze-from-subquery,100000,12766.3422,81.941
jpql-not-exists,100000,474.0136,78.735
hql-derived-table,100000,888.5301,78.735
hql-cte,100000,849.5502,78.735
blaze-cte,100000,12801.2811,81.909
blaze-from-subquery,100000,12340.8165,81.941
jpql-not-exists,100000,459.5929,78.735
hql-derived-table,100000,889.1392,78.735
hql-cte,100000,911.3988,78.735
native-distinct-on,100000,777.8912,79.120
blaze-from-subquery,100000,12356.5390,81.941
jpql-not-exists,100000,515.0444,78.735
hql-derived-table,100000,860.5118,78.735
hql-cte,100000,909.3882,78.735
native-distinct-on,100000,825.3343,79.120
blaze-cte,100000,12787.0859,81.909
jpql-not-exists,100000,445.5005,78.735
hql-derived-table,100000,900.7834,78.735
hql-cte,100000,855.3648,78.735
native-distinct-on,100000,803.8642,79.120
blaze-cte,100000,12108.3226,81.909
blaze-from-subquery,100000,12579.9056,81.941
hql-derived-table,100000,895.0350,78.735
hql-cte,100000,849.9788,78.735
native-distinct-on,100000,813.3946,79.120
blaze-cte,100000,12443.8398,81.909
blaze-from-subquery,100000,12516.5271,81.941
jpql-not-exists,100000,491.3615,78.735
hql-cte,100000,958.7675,78.735
native-distinct-on,100000,828.5636,79.120
blaze-cte,100000,12479.0350,81.909
blaze-from-subquery,100000,11879.7425,81.941
jpql-not-exists,100000,450.0092,78.735
hql-derived-table,100000,912.6654,78.735
native-distinct-on,100000,792.8355,79.120
blaze-cte,100000,12498.2253,81.909
blaze-from-subquery,100000,12103.5427,81.941
jpql-not-exists,100000,461.5468,78.735
hql-derived-table,100000,895.5686,78.735
hql-cte,100000,896.3516,78.735
blaze-cte,100000,12485.1068,81.909
blaze-from-subquery,100000,12584.2526,81.941
jpql-not-exists,100000,454.5732,78.735
hql-derived-table,100000,902.4675,78.735
hql-cte,100000,850.8471,78.735
native-distinct-on,100000,801.7135,79.120
blaze-from-subquery,100000,12282.6894,81.941
jpql-not-exists,100000,453.8126,78.735
hql-derived-table,100000,859.8274,78.735
hql-cte,100000,925.2722,78.735
native-distinct-on,100000,886.1181,79.120
blaze-cte,100000,12806.1490,81.909
jpql-not-exists,100000,460.1809,78.735
hql-derived-table,100000,891.5831,78.735
hql-cte,100000,883.7444,78.735
native-distinct-on,100000,800.0117,79.120
blaze-cte,100000,12544.2762,81.909
blaze-from-subquery,100000,12095.8826,81.941
hql-derived-table,100000,851.8625,78.735
hql-cte,100000,886.2311,78.735
native-distinct-on,100000,821.9212,79.120
blaze-cte,100000,12251.6611,81.909
blaze-from-subquery,100000,12531.1235,81.941
jpql-not-exists,100000,445.2826,78.735
hql-cte,100000,897.5496,78.735
native-distinct-on,100000,823.5299,79.120
blaze-cte,100000,12330.5157,81.909
blaze-from-subquery,100000,12647.1994,81.941
jpql-not-exists,100000,443.2451,78.735
hql-derived-table,100000,882.2244,78.735
native-distinct-on,100000,773.8871,79.120
blaze-cte,100000,12556.4206,81.909
blaze-from-subquery,100000,12783.1481,81.941
jpql-not-exists,100000,446.3480,78.735
hql-derived-table,100000,858.0355,78.735
hql-cte,100000,880.2327,78.735
blaze-cte,100000,12722.8804,81.909
blaze-from-subquery,100000,12365.9340,81.941
jpql-not-exists,100000,450.1097,78.735
hql-derived-table,100000,892.8375,78.735
hql-cte,100000,848.5159,78.735
native-distinct-on,100000,892.2178,79.120
blaze-from-subquery,100000,12617.8520,81.941
jpql-not-exists,100000,447.2453,78.735
hql-derived-table,100000,870.4606,78.735
hql-cte,100000,882.8604,78.735
native-distinct-on,100000,894.0868,79.120
blaze-cte,100000,12613.0453,81.909
jpql-not-exists,100000,458.1900,78.735
hql-derived-table,100000,877.9726,78.735
hql-cte,100000,849.3461,78.735
native-distinct-on,100000,802.4495,79.120
blaze-cte,100000,12401.1997,81.909
blaze-from-subquery,100000,12967.7395,81.941
hql-derived-table,100000,890.8979,78.735
hql-cte,100000,850.8669,78.735
native-distinct-on,100000,788.6721,79.120
blaze-cte,100000,13725.2244,81.909
blaze-from-subquery,100000,24458.9493,81.941
jpql-not-exists,100000,519.6212,78.735
hql-cte,100000,1026.4927,78.735
native-distinct-on,100000,965.3420,79.120
blaze-cte,100000,13922.3718,81.909
blaze-from-subquery,100000,13316.3411,81.941
jpql-not-exists,100000,410.1639,78.735
hql-derived-table,100000,810.8725,78.735
native-distinct-on,100000,825.6153,79.120
blaze-cte,100000,13344.8316,81.909
blaze-from-subquery,100000,14801.7084,81.941
jpql-not-exists,100000,497.8963,78.735
hql-derived-table,100000,948.9946,78.735
hql-cte,100000,945.5256,78.735
blaze-cte,100000,13699.0444,81.909
blaze-from-subquery,100000,13084.0428,81.941
jpql-not-exists,100000,450.9827,78.735
hql-derived-table,100000,943.9581,78.735
hql-cte,100000,955.9397,78.735
native-distinct-on,100000,873.8851,79.120
blaze-from-subquery,100000,13201.7284,81.941
jpql-not-exists,100000,449.0423,78.735
hql-derived-table,100000,966.1832,78.735
hql-cte,100000,961.0520,78.735
native-distinct-on,100000,902.7905,79.120
blaze-cte,100000,12875.6990,81.909
jpql-not-exists,100000,451.0080,78.735
hql-derived-table,100000,875.3646,78.735
hql-cte,100000,807.8255,78.735
native-distinct-on,100000,816.1961,79.120
blaze-cte,100000,11573.1952,81.909
blaze-from-subquery,100000,13311.2482,81.941
hql-derived-table,100000,850.3053,78.735
hql-cte,100000,824.8468,78.735
native-distinct-on,100000,799.8464,79.120
blaze-cte,100000,12324.8477,81.909
blaze-from-subquery,100000,12529.4583,81.940
jpql-not-exists,100000,450.8506,78.735
hql-cte,100000,841.5374,78.735
native-distinct-on,100000,824.7619,79.120
blaze-cte,100000,13552.1076,81.909
blaze-from-subquery,100000,13293.8119,81.940
jpql-not-exists,100000,424.8674,78.735
hql-derived-table,100000,1676.8505,78.735
native-distinct-on,100000,2749.7030,79.120
blaze-cte,100000,23114.6272,81.909
blaze-from-subquery,100000,17310.6533,81.940
jpql-not-exists,100000,494.1979,78.735
hql-derived-table,100000,865.0011,78.735
hql-cte,100000,979.0147,78.735
blaze-cte,100000,11230.8547,81.909
blaze-from-subquery,100000,20714.7820,81.940
jpql-not-exists,100000,624.3361,78.735
hql-derived-table,100000,957.9765,78.735
hql-cte,100000,962.8363,78.735
native-distinct-on,100000,903.5008,79.120
