scenario,matching_orders,latency_ms,allocated_mb
two-step-ids,1000,4.1059,0.181
blaze-fetch,1000,2.2683,0.161
jpa-fetch-join,1000,1.9724,0.135
spring-data-entity-graph,1000,2.7370,0.173
lazy-n-plus-1,1000,10.9833,0.177
hibernate-batch-fetch,1000,2.8460,0.162
hibernate-subselect-fetch,1000,8.7745,4.740
blaze-fetch,1000,3.4579,0.161
jpa-fetch-join,1000,2.1079,0.135
spring-data-entity-graph,1000,3.1054,0.173
lazy-n-plus-1,1000,11.9382,0.177
hibernate-batch-fetch,1000,2.8042,0.162
hibernate-subselect-fetch,1000,9.4020,4.740
two-step-ids,1000,4.1967,0.181
jpa-fetch-join,1000,2.0693,0.135
spring-data-entity-graph,1000,2.8318,0.173
lazy-n-plus-1,1000,10.7119,0.177
hibernate-batch-fetch,1000,2.7523,0.162
hibernate-subselect-fetch,1000,8.9398,4.740
two-step-ids,1000,4.1294,0.181
blaze-fetch,1000,2.7115,0.161
spring-data-entity-graph,1000,3.4175,0.173
lazy-n-plus-1,1000,12.0699,0.177
hibernate-batch-fetch,1000,3.3030,0.162
hibernate-subselect-fetch,1000,10.5394,4.740
two-step-ids,1000,5.8526,0.181
blaze-fetch,1000,3.1746,0.161
jpa-fetch-join,1000,2.5792,0.135
lazy-n-plus-1,1000,14.7875,0.177
hibernate-batch-fetch,1000,3.2884,0.162
hibernate-subselect-fetch,1000,9.8560,4.740
two-step-ids,1000,4.0960,0.181
blaze-fetch,1000,3.6950,0.161
jpa-fetch-join,1000,2.5137,0.135
spring-data-entity-graph,1000,3.5752,0.173
hibernate-batch-fetch,1000,2.9413,0.162
hibernate-subselect-fetch,1000,9.1838,4.740
two-step-ids,1000,4.5342,0.181
blaze-fetch,1000,2.4788,0.161
jpa-fetch-join,1000,2.0911,0.135
spring-data-entity-graph,1000,4.4996,0.173
lazy-n-plus-1,1000,11.4654,0.177
hibernate-subselect-fetch,1000,9.4103,4.740
two-step-ids,1000,4.8917,0.181
blaze-fetch,1000,2.2903,0.161
jpa-fetch-join,1000,1.7394,0.135
spring-data-entity-graph,1000,3.0830,0.173
lazy-n-plus-1,1000,10.2063,0.177
hibernate-batch-fetch,1000,2.5896,0.162
two-step-ids,1000,3.5906,0.181
blaze-fetch,1000,2.1825,0.161
jpa-fetch-join,1000,1.6922,0.135
spring-data-entity-graph,1000,3.6642,0.173
lazy-n-plus-1,1000,9.6259,0.177
hibernate-batch-fetch,1000,2.8123,0.162
hibernate-subselect-fetch,1000,9.1379,4.740
blaze-fetch,1000,2.5478,0.161
jpa-fetch-join,1000,3.1652,0.135
spring-data-entity-graph,1000,5.0756,0.173
lazy-n-plus-1,1000,11.5037,0.177
hibernate-batch-fetch,1000,3.5883,0.162
hibernate-subselect-fetch,1000,9.4019,4.740
two-step-ids,1000,3.8779,0.181
jpa-fetch-join,1000,1.8609,0.135
spring-data-entity-graph,1000,3.9505,0.173
lazy-n-plus-1,1000,10.0957,0.177
hibernate-batch-fetch,1000,3.0194,0.162
hibernate-subselect-fetch,1000,9.8741,4.740
two-step-ids,1000,3.8896,0.181
blaze-fetch,1000,4.8909,0.161
spring-data-entity-graph,1000,3.5422,0.173
lazy-n-plus-1,1000,12.8023,0.177
hibernate-batch-fetch,1000,3.5662,0.162
hibernate-subselect-fetch,1000,10.5458,4.740
two-step-ids,1000,4.1360,0.181
blaze-fetch,1000,2.6028,0.161
jpa-fetch-join,1000,1.9723,0.135
lazy-n-plus-1,1000,11.6862,0.177
hibernate-batch-fetch,1000,4.3826,0.194
hibernate-subselect-fetch,1000,10.3436,4.772
two-step-ids,1000,3.8073,0.181
blaze-fetch,1000,5.4200,0.161
jpa-fetch-join,1000,3.4216,0.135
spring-data-entity-graph,1000,5.3290,0.269
hibernate-batch-fetch,1000,3.3610,0.162
hibernate-subselect-fetch,1000,12.0378,4.740
two-step-ids,1000,3.9405,0.181
blaze-fetch,1000,3.3397,0.161
jpa-fetch-join,1000,2.1856,0.135
spring-data-entity-graph,1000,3.7852,0.173
lazy-n-plus-1,1000,12.6950,0.177
hibernate-subselect-fetch,1000,9.6426,4.740
two-step-ids,1000,3.3011,0.181
blaze-fetch,1000,2.3044,0.161
jpa-fetch-join,1000,2.2863,0.135
spring-data-entity-graph,1000,3.0726,0.174
lazy-n-plus-1,1000,11.6432,0.176
hibernate-batch-fetch,1000,2.8828,0.162
two-step-ids,1000,2.8144,0.181
blaze-fetch,1000,2.5948,0.162
jpa-fetch-join,1000,2.0806,0.135
spring-data-entity-graph,1000,2.6123,0.173
lazy-n-plus-1,1000,9.4567,0.176
hibernate-batch-fetch,1000,3.8396,0.162
hibernate-subselect-fetch,1000,12.1786,4.740
blaze-fetch,1000,3.0198,0.161
jpa-fetch-join,1000,2.4403,0.135
spring-data-entity-graph,1000,3.2054,0.173
lazy-n-plus-1,1000,11.2472,0.180
hibernate-batch-fetch,1000,3.0452,0.162
hibernate-subselect-fetch,1000,8.8148,4.740
two-step-ids,1000,3.5053,0.181
jpa-fetch-join,1000,3.4098,0.135
spring-data-entity-graph,1000,3.3515,0.173
lazy-n-plus-1,1000,12.3366,0.176
hibernate-batch-fetch,1000,4.2662,0.162
hibernate-subselect-fetch,1000,12.8103,4.740
two-step-ids,1000,3.5411,0.181
blaze-fetch,1000,4.4496,0.161
spring-data-entity-graph,1000,3.1827,0.173
lazy-n-plus-1,1000,13.9846,0.176
hibernate-batch-fetch,1000,3.1550,0.162
hibernate-subselect-fetch,1000,8.9666,4.740
two-step-ids,1000,3.4041,0.181
blaze-fetch,1000,2.4184,0.161
jpa-fetch-join,1000,1.9716,0.135
lazy-n-plus-1,1000,10.5662,0.176
hibernate-batch-fetch,1000,2.9299,0.162
hibernate-subselect-fetch,1000,9.3513,4.740
two-step-ids,1000,3.4058,0.181
blaze-fetch,1000,2.3627,0.161
jpa-fetch-join,1000,1.8316,0.135
spring-data-entity-graph,1000,2.7231,0.173
hibernate-batch-fetch,1000,2.6923,0.162
hibernate-subselect-fetch,1000,9.0952,4.740
two-step-ids,1000,3.0799,0.181
blaze-fetch,1000,1.9674,0.161
jpa-fetch-join,1000,1.8057,0.135
spring-data-entity-graph,1000,3.4353,0.173
lazy-n-plus-1,1000,9.4500,0.176
hibernate-subselect-fetch,1000,9.3324,4.740
two-step-ids,1000,3.6023,0.181
blaze-fetch,1000,2.0228,0.161
jpa-fetch-join,1000,1.7015,0.135
spring-data-entity-graph,1000,2.6513,0.173
lazy-n-plus-1,1000,10.3426,0.176
hibernate-batch-fetch,1000,2.8808,0.162
two-step-ids,1000,2.7670,0.181
blaze-fetch,1000,2.4910,0.161
jpa-fetch-join,1000,3.3768,0.135
spring-data-entity-graph,1000,3.0641,0.173
lazy-n-plus-1,1000,9.3101,0.176
hibernate-batch-fetch,1000,3.4716,0.162
hibernate-subselect-fetch,1000,10.1104,4.740
blaze-fetch,1000,3.2107,0.161
jpa-fetch-join,1000,3.0015,0.135
spring-data-entity-graph,1000,3.4609,0.173
lazy-n-plus-1,1000,14.2990,0.176
hibernate-batch-fetch,1000,3.5784,0.162
hibernate-subselect-fetch,1000,9.4121,4.740
two-step-ids,1000,3.7786,0.181
jpa-fetch-join,1000,1.8961,0.135
spring-data-entity-graph,1000,3.9246,0.173
lazy-n-plus-1,1000,12.8865,0.176
hibernate-batch-fetch,1000,3.1375,0.162
hibernate-subselect-fetch,1000,10.2740,4.740
two-step-ids,1000,3.6441,0.181
blaze-fetch,1000,2.1985,0.161
spring-data-entity-graph,1000,2.7827,0.173
lazy-n-plus-1,1000,11.8298,0.176
hibernate-batch-fetch,1000,2.9972,0.162
hibernate-subselect-fetch,1000,9.7106,4.740
two-step-ids,1000,3.8770,0.181
blaze-fetch,1000,2.7333,0.161
jpa-fetch-join,1000,1.8145,0.135
lazy-n-plus-1,1000,9.0325,0.176
hibernate-batch-fetch,1000,2.6527,0.162
hibernate-subselect-fetch,1000,8.5484,4.740
two-step-ids,1000,3.6552,0.181
blaze-fetch,1000,2.3501,0.161
jpa-fetch-join,1000,1.9912,0.135
spring-data-entity-graph,1000,2.9719,0.173
hibernate-batch-fetch,1000,2.9941,0.162
hibernate-subselect-fetch,1000,9.6576,4.740
two-step-ids,1000,3.4880,0.181
blaze-fetch,1000,2.3154,0.161
jpa-fetch-join,1000,2.3738,0.135
spring-data-entity-graph,1000,3.0528,0.173
lazy-n-plus-1,1000,11.8398,0.177
hibernate-subselect-fetch,1000,9.2251,4.740
two-step-ids,1000,3.1599,0.181
blaze-fetch,1000,2.0476,0.161
jpa-fetch-join,1000,1.6003,0.135
spring-data-entity-graph,1000,2.6657,0.173
lazy-n-plus-1,1000,10.9221,0.176
hibernate-batch-fetch,1000,2.9896,0.162
two-step-ids,1000,3.0523,0.181
blaze-fetch,1000,2.4935,0.161
jpa-fetch-join,1000,2.9548,0.135
spring-data-entity-graph,1000,3.1242,0.173
lazy-n-plus-1,1000,11.0447,0.180
hibernate-batch-fetch,1000,2.9484,0.162
hibernate-subselect-fetch,1000,9.2324,4.740
blaze-fetch,1000,2.5409,0.161
jpa-fetch-join,1000,2.2229,0.135
spring-data-entity-graph,1000,3.1480,0.173
lazy-n-plus-1,1000,9.0728,0.176
hibernate-batch-fetch,1000,2.5170,0.162
hibernate-subselect-fetch,1000,9.0284,4.740
two-step-ids,1000,3.2745,0.181
jpa-fetch-join,1000,1.9169,0.135
spring-data-entity-graph,1000,2.9417,0.175
lazy-n-plus-1,1000,11.0730,0.176
hibernate-batch-fetch,1000,2.9754,0.162
hibernate-subselect-fetch,1000,9.7645,4.740
two-step-ids,1000,3.5180,0.181
blaze-fetch,1000,2.3057,0.161
spring-data-entity-graph,1000,2.8966,0.173
lazy-n-plus-1,1000,9.2731,0.176
hibernate-batch-fetch,1000,3.0283,0.162
hibernate-subselect-fetch,1000,9.5251,4.740
two-step-ids,1000,3.2610,0.181
blaze-fetch,1000,2.2742,0.161
jpa-fetch-join,1000,1.8616,0.134
lazy-n-plus-1,1000,9.9161,0.176
hibernate-batch-fetch,1000,2.8621,0.162
hibernate-subselect-fetch,1000,8.8537,4.740
two-step-ids,1000,4.0932,0.181
blaze-fetch,1000,2.1801,0.161
jpa-fetch-join,1000,1.7682,0.134
spring-data-entity-graph,1000,2.5780,0.172
hibernate-batch-fetch,1000,2.3413,0.162
hibernate-subselect-fetch,1000,9.2864,4.740
two-step-ids,1000,3.3622,0.181
blaze-fetch,1000,2.1700,0.161
jpa-fetch-join,1000,1.9069,0.134
spring-data-entity-graph,1000,2.7624,0.172
lazy-n-plus-1,1000,9.4177,0.176
hibernate-subselect-fetch,1000,9.5741,4.740
two-step-ids,1000,3.6379,0.181
blaze-fetch,1000,2.0895,0.161
jpa-fetch-join,1000,1.8592,0.134
spring-data-entity-graph,1000,3.1258,0.172
lazy-n-plus-1,1000,10.1224,0.176
hibernate-batch-fetch,1000,2.8297,0.162
two-step-ids,1000,3.1520,0.181
blaze-fetch,1000,1.9990,0.161
jpa-fetch-join,1000,1.9205,0.134
spring-data-entity-graph,1000,3.5328,0.172
lazy-n-plus-1,1000,9.5181,0.176
hibernate-batch-fetch,1000,3.0039,0.162
hibernate-subselect-fetch,1000,9.2233,4.740
blaze-fetch,1000,2.7557,0.161
jpa-fetch-join,1000,2.0255,0.134
spring-data-entity-graph,1000,4.9539,0.172
lazy-n-plus-1,1000,11.9656,0.176
hibernate-batch-fetch,1000,4.4015,0.162
hibernate-subselect-fetch,1000,12.5960,4.740
two-step-ids,1000,3.8614,0.181
jpa-fetch-join,1000,2.3651,0.134
spring-data-entity-graph,1000,2.9437,0.178
lazy-n-plus-1,1000,9.2362,0.176
hibernate-batch-fetch,1000,3.2347,0.162
hibernate-subselect-fetch,1000,9.8035,4.740
two-step-ids,1000,3.0944,0.181
blaze-fetch,1000,2.0260,0.161
spring-data-entity-graph,1000,3.7318,0.172
lazy-n-plus-1,1000,10.4121,0.176
hibernate-batch-fetch,1000,3.8422,0.162
hibernate-subselect-fetch,1000,9.9721,4.740
two-step-ids,1000,3.9008,0.181
blaze-fetch,1000,3.3937,0.161
jpa-fetch-join,1000,2.4640,0.134
lazy-n-plus-1,1000,8.8210,0.176
hibernate-batch-fetch,1000,2.8933,0.162
hibernate-subselect-fetch,1000,9.1999,4.740
two-step-ids,1000,3.2645,0.181
blaze-fetch,1000,2.2635,0.161
jpa-fetch-join,1000,1.8365,0.134
spring-data-entity-graph,1000,3.5016,0.172
hibernate-batch-fetch,1000,2.7468,0.162
hibernate-subselect-fetch,1000,9.0461,4.740
two-step-ids,1000,4.6301,0.181
blaze-fetch,1000,3.3269,0.161
jpa-fetch-join,1000,2.5185,0.134
spring-data-entity-graph,1000,3.0420,0.172
lazy-n-plus-1,1000,9.7706,0.176
hibernate-subselect-fetch,1000,8.6933,4.740
two-step-ids,1000,2.9130,0.181
blaze-fetch,1000,2.1849,0.161
jpa-fetch-join,1000,1.8065,0.134
spring-data-entity-graph,1000,2.4790,0.172
lazy-n-plus-1,1000,8.5347,0.176
hibernate-batch-fetch,1000,2.4679,0.162
two-step-ids,1000,3.0912,0.181
blaze-fetch,1000,2.2024,0.161
jpa-fetch-join,1000,1.9041,0.134
spring-data-entity-graph,1000,2.4496,0.172
lazy-n-plus-1,1000,9.7847,0.176
hibernate-batch-fetch,1000,2.6088,0.162
hibernate-subselect-fetch,1000,8.3588,4.740
blaze-fetch,1000,2.3702,0.161
jpa-fetch-join,1000,2.0870,0.134
spring-data-entity-graph,1000,2.7737,0.172
lazy-n-plus-1,1000,8.5119,0.176
hibernate-batch-fetch,1000,2.3890,0.162
hibernate-subselect-fetch,1000,8.8091,4.740
two-step-ids,1000,3.1135,0.181
jpa-fetch-join,1000,1.9472,0.134
spring-data-entity-graph,1000,2.6904,0.172
lazy-n-plus-1,1000,9.8390,0.176
hibernate-batch-fetch,1000,2.9051,0.162
hibernate-subselect-fetch,1000,8.7726,4.740
two-step-ids,1000,3.1633,0.181
blaze-fetch,1000,1.9848,0.161
spring-data-entity-graph,1000,2.3552,0.172
lazy-n-plus-1,1000,10.1517,0.176
hibernate-batch-fetch,1000,2.9504,0.162
hibernate-subselect-fetch,1000,9.1404,4.740
two-step-ids,1000,4.1686,0.181
blaze-fetch,1000,2.1229,0.161
jpa-fetch-join,1000,1.9240,0.134
lazy-n-plus-1,1000,10.3126,0.176
hibernate-batch-fetch,1000,2.6406,0.162
hibernate-subselect-fetch,1000,9.6984,4.740
two-step-ids,1000,4.5638,0.181
blaze-fetch,1000,2.3252,0.161
jpa-fetch-join,1000,1.6733,0.134
spring-data-entity-graph,1000,2.5900,0.172
hibernate-batch-fetch,1000,2.4958,0.162
hibernate-subselect-fetch,1000,8.4297,4.740
two-step-ids,1000,2.8036,0.181
blaze-fetch,1000,2.1444,0.161
jpa-fetch-join,1000,1.6588,0.134
spring-data-entity-graph,1000,2.6163,0.172
lazy-n-plus-1,1000,10.2023,0.176
hibernate-subselect-fetch,1000,8.5348,4.740
two-step-ids,1000,2.7890,0.181
blaze-fetch,1000,2.0798,0.161
jpa-fetch-join,1000,1.6564,0.134
spring-data-entity-graph,1000,2.4955,0.172
lazy-n-plus-1,1000,8.9686,0.176
hibernate-batch-fetch,1000,2.7054,0.162
two-step-ids,1000,3.2823,0.184
blaze-fetch,1000,2.1229,0.161
jpa-fetch-join,1000,2.1506,0.134
spring-data-entity-graph,1000,4.0147,0.172
lazy-n-plus-1,1000,9.6977,0.176
hibernate-batch-fetch,1000,2.4846,0.162
hibernate-subselect-fetch,1000,8.1051,4.740
two-step-ids,10000,2.8913,0.181
blaze-fetch,10000,2.0750,0.161
jpa-fetch-join,10000,1.8818,0.134
spring-data-entity-graph,10000,2.4892,0.172
lazy-n-plus-1,10000,8.5600,0.176
hibernate-batch-fetch,10000,3.1364,0.162
hibernate-subselect-fetch,10000,84.9357,39.446
blaze-fetch,10000,3.4891,0.161
jpa-fetch-join,10000,2.3602,0.134
spring-data-entity-graph,10000,2.8006,0.172
lazy-n-plus-1,10000,11.9535,0.176
hibernate-batch-fetch,10000,2.7227,0.162
hibernate-subselect-fetch,10000,76.5446,39.445
two-step-ids,10000,5.0641,0.181
jpa-fetch-join,10000,1.8935,0.134
spring-data-entity-graph,10000,2.4002,0.172
lazy-n-plus-1,10000,10.1089,0.176
hibernate-batch-fetch,10000,2.5190,0.162
hibernate-subselect-fetch,10000,72.8030,39.446
two-step-ids,10000,5.5280,0.181
blaze-fetch,10000,2.4499,0.161
spring-data-entity-graph,10000,2.8654,0.172
lazy-n-plus-1,10000,10.7493,0.176
hibernate-batch-fetch,10000,2.4774,0.162
hibernate-subselect-fetch,10000,79.8588,39.445
two-step-ids,10000,5.7092,0.181
blaze-fetch,10000,3.0656,0.161
jpa-fetch-join,10000,2.1111,0.134
lazy-n-plus-1,10000,11.8957,0.176
hibernate-batch-fetch,10000,3.5514,0.162
hibernate-subselect-fetch,10000,76.2062,39.446
two-step-ids,10000,5.1138,0.181
blaze-fetch,10000,2.6115,0.161
jpa-fetch-join,10000,2.2519,0.134
spring-data-entity-graph,10000,3.5689,0.172
hibernate-batch-fetch,10000,3.4695,0.162
hibernate-subselect-fetch,10000,75.4547,39.445
two-step-ids,10000,5.6101,0.181
blaze-fetch,10000,2.5862,0.161
jpa-fetch-join,10000,2.0534,0.134
spring-data-entity-graph,10000,2.9778,0.172
lazy-n-plus-1,10000,11.4600,0.176
hibernate-subselect-fetch,10000,74.6005,39.445
two-step-ids,10000,5.4046,0.181
blaze-fetch,10000,2.4934,0.161
jpa-fetch-join,10000,1.8107,0.134
spring-data-entity-graph,10000,2.4228,0.172
lazy-n-plus-1,10000,9.6786,0.176
hibernate-batch-fetch,10000,2.8874,0.162
two-step-ids,10000,2.8598,0.181
blaze-fetch,10000,2.1446,0.161
jpa-fetch-join,10000,1.7682,0.134
spring-data-entity-graph,10000,2.3547,0.172
lazy-n-plus-1,10000,10.9469,0.176
hibernate-batch-fetch,10000,2.5917,0.162
hibernate-subselect-fetch,10000,77.2347,39.446
blaze-fetch,10000,4.0505,0.161
jpa-fetch-join,10000,2.6178,0.134
spring-data-entity-graph,10000,2.9723,0.172
lazy-n-plus-1,10000,10.8080,0.176
hibernate-batch-fetch,10000,2.6591,0.162
hibernate-subselect-fetch,10000,135.0124,39.445
two-step-ids,10000,4.6534,0.181
jpa-fetch-join,10000,2.0147,0.134
spring-data-entity-graph,10000,2.4754,0.172
lazy-n-plus-1,10000,8.3905,0.176
hibernate-batch-fetch,10000,2.5512,0.162
hibernate-subselect-fetch,10000,78.4278,39.445
two-step-ids,10000,6.6607,0.181
blaze-fetch,10000,2.3747,0.161
spring-data-entity-graph,10000,2.7557,0.172
lazy-n-plus-1,10000,8.4755,0.176
hibernate-batch-fetch,10000,2.7338,0.162
hibernate-subselect-fetch,10000,82.5195,39.445
two-step-ids,10000,4.8810,0.181
blaze-fetch,10000,2.5057,0.161
jpa-fetch-join,10000,1.9818,0.134
lazy-n-plus-1,10000,10.6512,0.176
hibernate-batch-fetch,10000,2.8333,0.162
hibernate-subselect-fetch,10000,75.7591,39.445
two-step-ids,10000,6.7597,0.181
blaze-fetch,10000,3.2139,0.161
jpa-fetch-join,10000,2.2407,0.134
spring-data-entity-graph,10000,2.6257,0.172
hibernate-batch-fetch,10000,2.7273,0.162
hibernate-subselect-fetch,10000,78.5231,39.446
two-step-ids,10000,5.1026,0.181
blaze-fetch,10000,2.6187,0.161
jpa-fetch-join,10000,2.1549,0.134
spring-data-entity-graph,10000,2.5685,0.172
lazy-n-plus-1,10000,10.6362,0.176
hibernate-subselect-fetch,10000,81.8079,39.445
two-step-ids,10000,4.6659,0.181
blaze-fetch,10000,2.8788,0.161
jpa-fetch-join,10000,1.9859,0.134
spring-data-entity-graph,10000,2.5566,0.172
lazy-n-plus-1,10000,10.3184,0.176
hibernate-batch-fetch,10000,2.6644,0.162
two-step-ids,10000,2.5268,0.181
blaze-fetch,10000,2.0296,0.161
jpa-fetch-join,10000,1.6809,0.134
spring-data-entity-graph,10000,3.6796,0.172
lazy-n-plus-1,10000,10.1014,0.176
hibernate-batch-fetch,10000,2.8373,0.162
hibernate-subselect-fetch,10000,76.9999,39.445
blaze-fetch,10000,3.4382,0.161
jpa-fetch-join,10000,2.1073,0.134
spring-data-entity-graph,10000,3.3153,0.172
lazy-n-plus-1,10000,9.1241,0.176
hibernate-batch-fetch,10000,2.6011,0.162
hibernate-subselect-fetch,10000,78.3297,39.445
two-step-ids,10000,5.3959,0.181
jpa-fetch-join,10000,2.6525,0.134
spring-data-entity-graph,10000,3.5773,0.172
lazy-n-plus-1,10000,10.0312,0.176
hibernate-batch-fetch,10000,2.5660,0.162
hibernate-subselect-fetch,10000,76.7155,39.446
two-step-ids,10000,7.0085,0.181
blaze-fetch,10000,2.7355,0.161
spring-data-entity-graph,10000,3.3188,0.172
lazy-n-plus-1,10000,9.3043,0.176
hibernate-batch-fetch,10000,3.0798,0.162
hibernate-subselect-fetch,10000,77.4888,39.446
two-step-ids,10000,5.9403,0.181
blaze-fetch,10000,2.3879,0.161
jpa-fetch-join,10000,1.9877,0.135
lazy-n-plus-1,10000,9.7434,0.176
hibernate-batch-fetch,10000,3.1230,0.162
hibernate-subselect-fetch,10000,75.2461,39.445
two-step-ids,10000,6.5324,0.181
blaze-fetch,10000,2.9782,0.161
jpa-fetch-join,10000,2.0660,0.134
spring-data-entity-graph,10000,3.0009,0.172
hibernate-batch-fetch,10000,2.9448,0.162
hibernate-subselect-fetch,10000,76.5216,39.446
two-step-ids,10000,5.4001,0.181
blaze-fetch,10000,2.2926,0.161
jpa-fetch-join,10000,1.7897,0.134
spring-data-entity-graph,10000,3.0067,0.172
lazy-n-plus-1,10000,10.2934,0.176
hibernate-subselect-fetch,10000,78.0788,39.445
two-step-ids,10000,5.2249,0.181
blaze-fetch,10000,2.6625,0.161
jpa-fetch-join,10000,1.9983,0.134
spring-data-entity-graph,10000,3.2516,0.172
lazy-n-plus-1,10000,8.2595,0.176
hibernate-batch-fetch,10000,2.7775,0.162
two-step-ids,10000,3.0206,0.181
blaze-fetch,10000,2.8312,0.161
jpa-fetch-join,10000,1.9035,0.135
spring-data-entity-graph,10000,2.5300,0.173
lazy-n-plus-1,10000,8.9647,0.176
hibernate-batch-fetch,10000,2.7331,0.162
hibernate-subselect-fetch,10000,76.3964,39.446
blaze-fetch,10000,3.6379,0.161
jpa-fetch-join,10000,2.6687,0.134
spring-data-entity-graph,10000,3.1109,0.172
lazy-n-plus-1,10000,8.9479,0.176
hibernate-batch-fetch,10000,3.0910,0.162
hibernate-subselect-fetch,10000,79.0936,39.445
two-step-ids,10000,5.2164,0.181
jpa-fetch-join,10000,2.4071,0.134
spring-data-entity-graph,10000,2.6257,0.172
lazy-n-plus-1,10000,14.3665,0.176
hibernate-batch-fetch,10000,2.9209,0.162
hibernate-subselect-fetch,10000,75.7086,39.445
two-step-ids,10000,5.0701,0.181
blaze-fetch,10000,2.3794,0.161
spring-data-entity-graph,10000,2.6717,0.172
lazy-n-plus-1,10000,10.3310,0.176
hibernate-batch-fetch,10000,2.7520,0.162
hibernate-subselect-fetch,10000,78.4597,39.445
two-step-ids,10000,5.3261,0.182
blaze-fetch,10000,2.6627,0.161
jpa-fetch-join,10000,2.2590,0.134
lazy-n-plus-1,10000,15.0013,0.176
hibernate-batch-fetch,10000,3.0869,0.162
hibernate-subselect-fetch,10000,76.2527,39.446
two-step-ids,10000,5.3025,0.181
blaze-fetch,10000,3.1999,0.161
jpa-fetch-join,10000,2.1879,0.134
spring-data-entity-graph,10000,3.4227,0.172
hibernate-batch-fetch,10000,3.0698,0.162
hibernate-subselect-fetch,10000,184.1636,39.446
two-step-ids,10000,3.5641,0.181
blaze-fetch,10000,2.6793,0.161
jpa-fetch-join,10000,2.0890,0.134
spring-data-entity-graph,10000,3.3988,0.172
lazy-n-plus-1,10000,10.3991,0.176
hibernate-subselect-fetch,10000,79.5353,39.446
two-step-ids,10000,5.3778,0.181
blaze-fetch,10000,2.5919,0.161
jpa-fetch-join,10000,2.3914,0.134
spring-data-entity-graph,10000,2.7861,0.172
lazy-n-plus-1,10000,8.8627,0.176
hibernate-batch-fetch,10000,2.4123,0.162
two-step-ids,10000,3.0824,0.181
blaze-fetch,10000,1.9881,0.161
jpa-fetch-join,10000,1.5713,0.134
spring-data-entity-graph,10000,2.5402,0.173
lazy-n-plus-1,10000,12.5767,0.176
hibernate-batch-fetch,10000,2.6138,0.162
hibernate-subselect-fetch,10000,78.8759,39.445
blaze-fetch,10000,3.5977,0.161
jpa-fetch-join,10000,1.9585,0.134
spring-data-entity-graph,10000,2.6772,0.172
lazy-n-plus-1,10000,11.9736,0.176
hibernate-batch-fetch,10000,4.7512,0.162
hibernate-subselect-fetch,10000,77.6000,39.445
two-step-ids,10000,5.5901,0.181
jpa-fetch-join,10000,2.3071,0.134
spring-data-entity-graph,10000,3.0030,0.172
lazy-n-plus-1,10000,11.5445,0.176
hibernate-batch-fetch,10000,2.4141,0.162
hibernate-subselect-fetch,10000,80.1216,39.444
two-step-ids,10000,4.5613,0.181
blaze-fetch,10000,2.8049,0.161
spring-data-entity-graph,10000,2.9240,0.172
lazy-n-plus-1,10000,9.2706,0.176
hibernate-batch-fetch,10000,2.5925,0.162
hibernate-subselect-fetch,10000,79.0123,39.445
two-step-ids,10000,3.9903,0.181
blaze-fetch,10000,3.4488,0.161
jpa-fetch-join,10000,2.0389,0.134
lazy-n-plus-1,10000,10.6615,0.176
hibernate-batch-fetch,10000,3.1868,0.162
hibernate-subselect-fetch,10000,74.9047,39.446
two-step-ids,10000,3.9912,0.181
blaze-fetch,10000,2.5404,0.161
jpa-fetch-join,10000,2.7093,0.134
spring-data-entity-graph,10000,2.8995,0.172
hibernate-batch-fetch,10000,2.6478,0.162
hibernate-subselect-fetch,10000,76.1809,39.445
two-step-ids,10000,4.6019,0.181
blaze-fetch,10000,2.2337,0.161
jpa-fetch-join,10000,1.7417,0.134
spring-data-entity-graph,10000,2.4161,0.172
lazy-n-plus-1,10000,10.3469,0.176
hibernate-subselect-fetch,10000,75.1552,39.445
two-step-ids,10000,5.4080,0.181
blaze-fetch,10000,2.3748,0.161
jpa-fetch-join,10000,1.8485,0.134
spring-data-entity-graph,10000,2.3509,0.172
lazy-n-plus-1,10000,10.4619,0.176
hibernate-batch-fetch,10000,2.8062,0.162
two-step-ids,10000,2.9127,0.181
blaze-fetch,10000,1.9960,0.161
jpa-fetch-join,10000,1.7806,0.134
spring-data-entity-graph,10000,2.6301,0.172
lazy-n-plus-1,10000,10.0081,0.176
hibernate-batch-fetch,10000,2.9572,0.162
hibernate-subselect-fetch,10000,79.9210,39.445
blaze-fetch,10000,3.3941,0.161
jpa-fetch-join,10000,2.1159,0.134
spring-data-entity-graph,10000,3.1169,0.172
lazy-n-plus-1,10000,8.7689,0.176
hibernate-batch-fetch,10000,2.8243,0.162
hibernate-subselect-fetch,10000,76.2576,39.445
two-step-ids,10000,5.7924,0.181
jpa-fetch-join,10000,2.1034,0.134
spring-data-entity-graph,10000,2.8883,0.172
lazy-n-plus-1,10000,9.5133,0.176
hibernate-batch-fetch,10000,2.7281,0.162
hibernate-subselect-fetch,10000,78.6417,39.445
two-step-ids,10000,4.9413,0.181
blaze-fetch,10000,2.4356,0.161
spring-data-entity-graph,10000,3.2152,0.172
lazy-n-plus-1,10000,8.8885,0.176
hibernate-batch-fetch,10000,2.4493,0.162
hibernate-subselect-fetch,10000,72.3392,39.446
two-step-ids,10000,5.0453,0.181
blaze-fetch,10000,2.0751,0.161
jpa-fetch-join,10000,1.6937,0.134
lazy-n-plus-1,10000,9.8115,0.176
hibernate-batch-fetch,10000,2.7932,0.162
hibernate-subselect-fetch,10000,79.4878,39.444
two-step-ids,10000,4.7738,0.181
blaze-fetch,10000,2.4467,0.161
jpa-fetch-join,10000,1.9524,0.134
spring-data-entity-graph,10000,2.5978,0.172
hibernate-batch-fetch,10000,3.4767,0.162
hibernate-subselect-fetch,10000,79.7884,39.446
two-step-ids,10000,6.8946,0.181
blaze-fetch,10000,3.2826,0.161
jpa-fetch-join,10000,2.5924,0.134
spring-data-entity-graph,10000,2.8281,0.172
lazy-n-plus-1,10000,12.0423,0.176
hibernate-subselect-fetch,10000,185.1086,39.445
two-step-ids,10000,11.7360,0.181
blaze-fetch,10000,4.1016,0.161
jpa-fetch-join,10000,2.5090,0.134
spring-data-entity-graph,10000,4.4845,0.172
lazy-n-plus-1,10000,13.1257,0.179
hibernate-batch-fetch,10000,4.9871,0.162
two-step-ids,10000,4.7621,0.181
blaze-fetch,10000,3.5286,0.161
jpa-fetch-join,10000,2.2978,0.134
spring-data-entity-graph,10000,3.0666,0.172
lazy-n-plus-1,10000,9.7918,0.176
hibernate-batch-fetch,10000,2.6314,0.162
hibernate-subselect-fetch,10000,79.2923,39.445
blaze-fetch,10000,3.0078,0.161
jpa-fetch-join,10000,1.9738,0.134
spring-data-entity-graph,10000,2.4892,0.172
lazy-n-plus-1,10000,10.6215,0.176
hibernate-batch-fetch,10000,2.7895,0.162
hibernate-subselect-fetch,10000,75.7930,39.445
two-step-ids,10000,5.7826,0.181
jpa-fetch-join,10000,2.7093,0.134
spring-data-entity-graph,10000,2.7459,0.172
lazy-n-plus-1,10000,11.6460,0.176
hibernate-batch-fetch,10000,2.9721,0.162
hibernate-subselect-fetch,10000,83.3175,39.446
two-step-ids,10000,3.6613,0.181
blaze-fetch,10000,2.7035,0.161
spring-data-entity-graph,10000,2.9999,0.172
lazy-n-plus-1,10000,9.7865,0.176
hibernate-batch-fetch,10000,3.4637,0.162
hibernate-subselect-fetch,10000,85.4414,39.445
two-step-ids,10000,5.9184,0.181
blaze-fetch,10000,3.2246,0.161
jpa-fetch-join,10000,3.3654,0.134
lazy-n-plus-1,10000,10.3045,0.176
hibernate-batch-fetch,10000,2.9523,0.162
hibernate-subselect-fetch,10000,88.5403,39.445
two-step-ids,10000,4.3031,0.181
blaze-fetch,10000,2.6256,0.161
jpa-fetch-join,10000,1.9407,0.134
spring-data-entity-graph,10000,2.9768,0.172
hibernate-batch-fetch,10000,2.8058,0.162
hibernate-subselect-fetch,10000,81.6176,39.445
two-step-ids,10000,5.7375,0.181
blaze-fetch,10000,2.3550,0.160
jpa-fetch-join,10000,1.9677,0.134
spring-data-entity-graph,10000,2.5122,0.172
lazy-n-plus-1,10000,10.7951,0.175
hibernate-subselect-fetch,10000,77.1436,39.445
two-step-ids,10000,6.1713,0.181
blaze-fetch,10000,2.4556,0.160
jpa-fetch-join,10000,2.1927,0.134
spring-data-entity-graph,10000,2.7584,0.172
lazy-n-plus-1,10000,9.7047,0.175
hibernate-batch-fetch,10000,2.9005,0.162
two-step-ids,10000,2.8780,0.181
blaze-fetch,10000,1.9636,0.160
jpa-fetch-join,10000,1.6765,0.134
spring-data-entity-graph,10000,2.8872,0.172
lazy-n-plus-1,10000,11.2678,0.175
hibernate-batch-fetch,10000,2.7875,0.162
hibernate-subselect-fetch,10000,79.7416,39.445
two-step-ids,50000,2.8338,0.181
blaze-fetch,50000,2.2143,0.160
jpa-fetch-join,50000,1.7672,0.134
spring-data-entity-graph,50000,3.1194,0.172
lazy-n-plus-1,50000,13.5577,0.175
hibernate-batch-fetch,50000,2.6981,0.162
hibernate-subselect-fetch,50000,408.2327,182.676
blaze-fetch,50000,3.4699,0.160
jpa-fetch-join,50000,1.8891,0.134
spring-data-entity-graph,50000,2.8759,0.172
lazy-n-plus-1,50000,8.0093,0.175
hibernate-batch-fetch,50000,3.0441,0.162
hibernate-subselect-fetch,50000,479.0709,182.676
two-step-ids,50000,5.3376,0.181
jpa-fetch-join,50000,1.7917,0.134
spring-data-entity-graph,50000,2.4154,0.172
lazy-n-plus-1,50000,10.4135,0.175
hibernate-batch-fetch,50000,2.6155,0.162
hibernate-subselect-fetch,50000,395.5645,182.676
two-step-ids,50000,5.0787,0.181
blaze-fetch,50000,2.0315,0.160
spring-data-entity-graph,50000,2.5757,0.172
lazy-n-plus-1,50000,8.9055,0.175
hibernate-batch-fetch,50000,2.5758,0.162
hibernate-subselect-fetch,50000,398.3176,182.676
two-step-ids,50000,4.3421,0.181
blaze-fetch,50000,2.7162,0.160
jpa-fetch-join,50000,1.9892,0.134
lazy-n-plus-1,50000,10.8805,0.175
hibernate-batch-fetch,50000,2.4441,0.162
hibernate-subselect-fetch,50000,560.1352,182.676
two-step-ids,50000,7.1364,0.181
blaze-fetch,50000,3.0435,0.161
jpa-fetch-join,50000,1.7645,0.134
spring-data-entity-graph,50000,3.7483,0.172
hibernate-batch-fetch,50000,3.0341,0.162
hibernate-subselect-fetch,50000,400.4022,182.676
two-step-ids,50000,4.5533,0.181
blaze-fetch,50000,1.8900,0.160
jpa-fetch-join,50000,1.6732,0.134
spring-data-entity-graph,50000,2.3596,0.172
lazy-n-plus-1,50000,9.6997,0.175
hibernate-subselect-fetch,50000,457.8210,182.676
two-step-ids,50000,5.7387,0.181
blaze-fetch,50000,2.4077,0.160
jpa-fetch-join,50000,1.8312,0.134
spring-data-entity-graph,50000,2.6149,0.172
lazy-n-plus-1,50000,9.3278,0.175
hibernate-batch-fetch,50000,2.8472,0.162
two-step-ids,50000,2.4820,0.181
blaze-fetch,50000,1.9546,0.160
jpa-fetch-join,50000,1.5475,0.134
spring-data-entity-graph,50000,2.2483,0.172
lazy-n-plus-1,50000,9.0386,0.175
hibernate-batch-fetch,50000,2.5372,0.162
hibernate-subselect-fetch,50000,395.2825,182.676
blaze-fetch,50000,3.6945,0.160
jpa-fetch-join,50000,1.6639,0.134
spring-data-entity-graph,50000,2.2219,0.172
lazy-n-plus-1,50000,9.5215,0.175
hibernate-batch-fetch,50000,2.3875,0.162
hibernate-subselect-fetch,50000,397.0405,182.676
two-step-ids,50000,4.1332,0.181
jpa-fetch-join,50000,1.9210,0.134
spring-data-entity-graph,50000,2.3748,0.172
lazy-n-plus-1,50000,10.0531,0.175
hibernate-batch-fetch,50000,2.6923,0.162
hibernate-subselect-fetch,50000,392.8535,182.676
two-step-ids,50000,4.2888,0.181
blaze-fetch,50000,2.0581,0.160
spring-data-entity-graph,50000,2.2438,0.172
lazy-n-plus-1,50000,9.2412,0.175
hibernate-batch-fetch,50000,2.7843,0.162
hibernate-subselect-fetch,50000,599.4876,182.676
two-step-ids,50000,7.1991,0.181
blaze-fetch,50000,4.0878,0.161
jpa-fetch-join,50000,2.0985,0.134
lazy-n-plus-1,50000,8.3044,0.175
hibernate-batch-fetch,50000,2.7776,0.162
hibernate-subselect-fetch,50000,408.3829,182.676
two-step-ids,50000,3.8994,0.181
blaze-fetch,50000,2.0094,0.160
jpa-fetch-join,50000,1.5661,0.134
spring-data-entity-graph,50000,3.1930,0.172
hibernate-batch-fetch,50000,2.6664,0.162
hibernate-subselect-fetch,50000,464.5409,182.676
two-step-ids,50000,3.9016,0.181
blaze-fetch,50000,2.2436,0.160
jpa-fetch-join,50000,1.7626,0.134
spring-data-entity-graph,50000,2.3816,0.172
lazy-n-plus-1,50000,10.1852,0.175
hibernate-subselect-fetch,50000,382.8538,182.676
two-step-ids,50000,4.6670,0.181
blaze-fetch,50000,2.0699,0.160
jpa-fetch-join,50000,1.8474,0.134
spring-data-entity-graph,50000,2.7971,0.172
lazy-n-plus-1,50000,11.2159,0.175
hibernate-batch-fetch,50000,2.7084,0.162
two-step-ids,50000,2.8073,0.181
blaze-fetch,50000,2.9974,0.160
jpa-fetch-join,50000,1.8228,0.134
spring-data-entity-graph,50000,2.3248,0.172
lazy-n-plus-1,50000,8.8159,0.175
hibernate-batch-fetch,50000,3.3822,0.162
hibernate-subselect-fetch,50000,409.1972,182.676
blaze-fetch,50000,2.9212,0.160
jpa-fetch-join,50000,1.7477,0.134
spring-data-entity-graph,50000,3.2480,0.172
lazy-n-plus-1,50000,9.2924,0.175
hibernate-batch-fetch,50000,2.7363,0.162
hibernate-subselect-fetch,50000,582.9172,182.676
two-step-ids,50000,8.6849,0.181
jpa-fetch-join,50000,3.1972,0.134
spring-data-entity-graph,50000,4.0663,0.172
lazy-n-plus-1,50000,15.9061,0.175
hibernate-batch-fetch,50000,4.2744,0.162
hibernate-subselect-fetch,50000,388.6889,182.676
two-step-ids,50000,5.0381,0.181
blaze-fetch,50000,2.9403,0.161
spring-data-entity-graph,50000,2.3240,0.172
lazy-n-plus-1,50000,9.0384,0.175
hibernate-batch-fetch,50000,2.4920,0.162
hibernate-subselect-fetch,50000,399.0995,182.676
two-step-ids,50000,3.9947,0.181
blaze-fetch,50000,1.9594,0.160
jpa-fetch-join,50000,2.3737,0.134
lazy-n-plus-1,50000,8.4914,0.175
hibernate-batch-fetch,50000,2.4981,0.162
hibernate-subselect-fetch,50000,466.9278,182.676
two-step-ids,50000,4.3108,0.181
blaze-fetch,50000,2.0536,0.161
jpa-fetch-join,50000,1.6927,0.134
spring-data-entity-graph,50000,2.4531,0.172
hibernate-batch-fetch,50000,2.8697,0.162
hibernate-subselect-fetch,50000,381.0265,182.676
two-step-ids,50000,4.7965,0.181
blaze-fetch,50000,2.0401,0.160
jpa-fetch-join,50000,1.8934,0.134
spring-data-entity-graph,50000,3.3332,0.172
lazy-n-plus-1,50000,9.2634,0.175
hibernate-subselect-fetch,50000,389.0463,182.676
two-step-ids,50000,3.7650,0.181
blaze-fetch,50000,2.2515,0.160
jpa-fetch-join,50000,1.6500,0.134
spring-data-entity-graph,50000,2.6599,0.172
lazy-n-plus-1,50000,10.8366,0.180
hibernate-batch-fetch,50000,2.5390,0.162
two-step-ids,50000,2.4855,0.181
blaze-fetch,50000,2.7222,0.160
jpa-fetch-join,50000,3.8155,0.134
spring-data-entity-graph,50000,3.5695,0.172
lazy-n-plus-1,50000,9.1988,0.175
hibernate-batch-fetch,50000,2.6084,0.162
hibernate-subselect-fetch,50000,573.3583,182.676
blaze-fetch,50000,4.4491,0.161
jpa-fetch-join,50000,2.0622,0.134
spring-data-entity-graph,50000,4.4375,0.172
lazy-n-plus-1,50000,10.8190,0.175
hibernate-batch-fetch,50000,3.6058,0.161
hibernate-subselect-fetch,50000,404.7710,182.676
two-step-ids,50000,5.0688,0.181
jpa-fetch-join,50000,2.0957,0.134
spring-data-entity-graph,50000,2.9453,0.172
lazy-n-plus-1,50000,9.8186,0.175
hibernate-batch-fetch,50000,3.3890,0.161
hibernate-subselect-fetch,50000,457.5833,182.676
two-step-ids,50000,4.6079,0.181
blaze-fetch,50000,2.0448,0.161
spring-data-entity-graph,50000,2.6848,0.172
lazy-n-plus-1,50000,11.1672,0.175
hibernate-batch-fetch,50000,3.4110,0.161
hibernate-subselect-fetch,50000,390.6102,182.676
two-step-ids,50000,4.8621,0.181
blaze-fetch,50000,2.3880,0.160
jpa-fetch-join,50000,1.8003,0.134
lazy-n-plus-1,50000,7.8060,0.174
hibernate-batch-fetch,50000,3.0668,0.161
hibernate-subselect-fetch,50000,383.4662,182.676
two-step-ids,50000,4.4665,0.181
blaze-fetch,50000,2.8944,0.160
jpa-fetch-join,50000,2.3206,0.134
spring-data-entity-graph,50000,3.4894,0.172
hibernate-batch-fetch,50000,3.3234,0.161
hibernate-subselect-fetch,50000,540.2289,182.676
two-step-ids,50000,6.9753,0.181
blaze-fetch,50000,4.4582,0.161
jpa-fetch-join,50000,2.4365,0.135
spring-data-entity-graph,50000,7.0276,0.172
lazy-n-plus-1,50000,17.0206,0.174
hibernate-subselect-fetch,50000,397.0367,182.676
two-step-ids,50000,4.6834,0.181
blaze-fetch,50000,3.3665,0.160
jpa-fetch-join,50000,2.1036,0.134
spring-data-entity-graph,50000,3.5115,0.172
lazy-n-plus-1,50000,14.2887,0.174
hibernate-batch-fetch,50000,3.6047,0.161
two-step-ids,50000,3.2294,0.181
blaze-fetch,50000,2.5945,0.162
jpa-fetch-join,50000,2.7909,0.134
spring-data-entity-graph,50000,4.4307,0.172
lazy-n-plus-1,50000,10.2541,0.174
hibernate-batch-fetch,50000,3.8825,0.161
hibernate-subselect-fetch,50000,433.7413,182.676
blaze-fetch,50000,5.2206,0.160
jpa-fetch-join,50000,3.2297,0.134
spring-data-entity-graph,50000,6.2052,0.172
lazy-n-plus-1,50000,17.4220,0.174
hibernate-batch-fetch,50000,4.1983,0.161
hibernate-subselect-fetch,50000,482.8279,182.676
two-step-ids,50000,3.9208,0.181
jpa-fetch-join,50000,1.6348,0.135
spring-data-entity-graph,50000,3.3546,0.172
lazy-n-plus-1,50000,10.5584,0.174
hibernate-batch-fetch,50000,3.6678,0.161
hibernate-subselect-fetch,50000,392.9350,182.676
two-step-ids,50000,3.9764,0.181
blaze-fetch,50000,3.5521,0.161
spring-data-entity-graph,50000,2.0179,0.172
lazy-n-plus-1,50000,8.6587,0.174
hibernate-batch-fetch,50000,2.2110,0.161
hibernate-subselect-fetch,50000,395.7301,182.676
two-step-ids,50000,4.2560,0.181
blaze-fetch,50000,2.5808,0.160
jpa-fetch-join,50000,2.2259,0.134
lazy-n-plus-1,50000,8.9932,0.174
hibernate-batch-fetch,50000,2.2665,0.161
hibernate-subselect-fetch,50000,646.2575,182.676
two-step-ids,50000,6.3031,0.181
blaze-fetch,50000,2.8243,0.161
jpa-fetch-join,50000,1.8445,0.134
spring-data-entity-graph,50000,3.2830,0.172
hibernate-batch-fetch,50000,2.8416,0.161
hibernate-subselect-fetch,50000,395.6925,182.676
two-step-ids,50000,3.9499,0.181
blaze-fetch,50000,1.8078,0.160
jpa-fetch-join,50000,1.7768,0.134
spring-data-entity-graph,50000,2.2884,0.172
lazy-n-plus-1,50000,9.7250,0.174
hibernate-subselect-fetch,50000,456.3056,182.676
two-step-ids,50000,3.9726,0.181
blaze-fetch,50000,2.2549,0.160
jpa-fetch-join,50000,2.0600,0.134
spring-data-entity-graph,50000,2.2263,0.172
lazy-n-plus-1,50000,8.0595,0.174
hibernate-batch-fetch,50000,1.9327,0.161
two-step-ids,50000,2.9760,0.181
blaze-fetch,50000,2.4865,0.160
jpa-fetch-join,50000,1.7832,0.134
spring-data-entity-graph,50000,2.0439,0.172
lazy-n-plus-1,50000,8.3969,0.174
hibernate-batch-fetch,50000,4.0955,0.161
hibernate-subselect-fetch,50000,394.0953,182.676
blaze-fetch,50000,3.7470,0.160
jpa-fetch-join,50000,2.3320,0.134
spring-data-entity-graph,50000,2.7802,0.172
lazy-n-plus-1,50000,9.9562,0.174
hibernate-batch-fetch,50000,2.8107,0.161
hibernate-subselect-fetch,50000,421.8287,182.676
two-step-ids,50000,5.2608,0.181
jpa-fetch-join,50000,3.3096,0.134
spring-data-entity-graph,50000,3.2750,0.172
lazy-n-plus-1,50000,8.5452,0.174
hibernate-batch-fetch,50000,2.2554,0.161
hibernate-subselect-fetch,50000,397.9495,182.676
two-step-ids,50000,4.2881,0.181
blaze-fetch,50000,2.1456,0.160
spring-data-entity-graph,50000,2.5816,0.172
lazy-n-plus-1,50000,7.9045,0.174
hibernate-batch-fetch,50000,2.1619,0.161
hibernate-subselect-fetch,50000,598.5937,182.676
two-step-ids,50000,7.8174,0.181
blaze-fetch,50000,3.3277,0.161
jpa-fetch-join,50000,1.8049,0.134
lazy-n-plus-1,50000,8.6924,0.174
hibernate-batch-fetch,50000,2.9129,0.161
hibernate-subselect-fetch,50000,405.6342,182.676
two-step-ids,50000,4.0032,0.181
blaze-fetch,50000,1.7195,0.160
jpa-fetch-join,50000,1.6524,0.134
spring-data-entity-graph,50000,3.2639,0.172
hibernate-batch-fetch,50000,2.1525,0.161
hibernate-subselect-fetch,50000,479.1063,182.676
two-step-ids,50000,4.5260,0.181
blaze-fetch,50000,1.9633,0.160
jpa-fetch-join,50000,1.9887,0.134
spring-data-entity-graph,50000,2.3612,0.172
lazy-n-plus-1,50000,9.7863,0.174
hibernate-subselect-fetch,50000,377.4210,182.676
two-step-ids,50000,5.0231,0.181
blaze-fetch,50000,1.9796,0.160
jpa-fetch-join,50000,1.8938,0.134
spring-data-entity-graph,50000,2.0354,0.172
lazy-n-plus-1,50000,8.4648,0.174
hibernate-batch-fetch,50000,2.2663,0.161
two-step-ids,50000,2.3004,0.181
blaze-fetch,50000,1.5576,0.160
jpa-fetch-join,50000,1.4798,0.134
spring-data-entity-graph,50000,1.9013,0.172
lazy-n-plus-1,50000,9.4006,0.174
hibernate-batch-fetch,50000,2.9166,0.161
hibernate-subselect-fetch,50000,395.7693,182.676
blaze-fetch,50000,3.6247,0.160
jpa-fetch-join,50000,1.9291,0.134
spring-data-entity-graph,50000,2.2225,0.172
lazy-n-plus-1,50000,9.4884,0.174
hibernate-batch-fetch,50000,2.2259,0.161
hibernate-subselect-fetch,50000,610.3502,182.676
two-step-ids,50000,6.0067,0.181
jpa-fetch-join,50000,1.8459,0.134
spring-data-entity-graph,50000,2.6072,0.172
lazy-n-plus-1,50000,8.5783,0.174
hibernate-batch-fetch,50000,2.6959,0.161
hibernate-subselect-fetch,50000,394.8226,182.676
two-step-ids,50000,4.9327,0.181
blaze-fetch,50000,2.5801,0.161
spring-data-entity-graph,50000,2.8552,0.172
lazy-n-plus-1,50000,11.6976,0.174
hibernate-batch-fetch,50000,2.5994,0.161
hibernate-subselect-fetch,50000,461.8416,182.676
two-step-ids,50000,3.7339,0.181
blaze-fetch,50000,2.2730,0.160
jpa-fetch-join,50000,1.8080,0.134
lazy-n-plus-1,50000,9.8613,0.174
hibernate-batch-fetch,50000,2.5506,0.161
hibernate-subselect-fetch,50000,396.2548,182.676
two-step-ids,50000,4.0455,0.181
blaze-fetch,50000,1.7168,0.160
jpa-fetch-join,50000,1.5907,0.134
spring-data-entity-graph,50000,1.9338,0.172
hibernate-batch-fetch,50000,1.9727,0.161
hibernate-subselect-fetch,50000,392.1693,182.676
two-step-ids,50000,4.1399,0.181
blaze-fetch,50000,1.8354,0.160
jpa-fetch-join,50000,1.7131,0.134
spring-data-entity-graph,50000,2.2195,0.172
lazy-n-plus-1,50000,10.3782,0.174
hibernate-subselect-fetch,50000,555.6508,182.676
two-step-ids,50000,8.1894,0.181
blaze-fetch,50000,4.0148,0.160
jpa-fetch-join,50000,7.6668,0.134
spring-data-entity-graph,50000,6.4225,0.172
lazy-n-plus-1,50000,19.7767,0.174
hibernate-batch-fetch,50000,4.0012,0.161
two-step-ids,50000,5.1147,0.181
blaze-fetch,50000,4.1592,0.160
jpa-fetch-join,50000,2.6856,0.134
spring-data-entity-graph,50000,3.2011,0.172
lazy-n-plus-1,50000,11.4052,0.174
hibernate-batch-fetch,50000,2.7370,0.161
hibernate-subselect-fetch,50000,508.3948,182.676
two-step-ids,100000,2.2089,0.181
blaze-fetch,100000,1.6832,0.160
jpa-fetch-join,100000,1.7643,0.134
spring-data-entity-graph,100000,2.7047,0.172
lazy-n-plus-1,100000,9.0693,0.174
hibernate-batch-fetch,100000,2.4576,0.161
hibernate-subselect-fetch,100000,932.0272,363.397
blaze-fetch,100000,3.6893,0.160
jpa-fetch-join,100000,2.2970,0.134
spring-data-entity-graph,100000,2.9049,0.172
lazy-n-plus-1,100000,10.1196,0.174
hibernate-batch-fetch,100000,2.3683,0.161
hibernate-subselect-fetch,100000,871.5136,363.397
two-step-ids,100000,3.7950,0.181
jpa-fetch-join,100000,1.7383,0.134
spring-data-entity-graph,100000,2.3095,0.172
lazy-n-plus-1,100000,10.0799,0.174
hibernate-batch-fetch,100000,2.6353,0.161
hibernate-subselect-fetch,100000,1121.2453,363.397
two-step-ids,100000,6.4102,0.181
blaze-fetch,100000,2.7890,0.161
spring-data-entity-graph,100000,2.9382,0.172
lazy-n-plus-1,100000,8.8384,0.174
hibernate-batch-fetch,100000,2.8787,0.161
hibernate-subselect-fetch,100000,978.0653,363.397
two-step-ids,100000,5.4822,0.181
blaze-fetch,100000,2.0464,0.160
jpa-fetch-join,100000,1.8403,0.134
lazy-n-plus-1,100000,11.1932,0.174
hibernate-batch-fetch,100000,2.5846,0.161
hibernate-subselect-fetch,100000,1060.0780,363.397
two-step-ids,100000,8.4378,0.181
blaze-fetch,100000,3.8373,0.161
jpa-fetch-join,100000,2.7758,0.134
spring-data-entity-graph,100000,3.9801,0.172
hibernate-batch-fetch,100000,4.3481,0.161
hibernate-subselect-fetch,100000,918.3279,363.397
two-step-ids,100000,4.5534,0.181
blaze-fetch,100000,1.9422,0.160
jpa-fetch-join,100000,1.5802,0.134
spring-data-entity-graph,100000,3.6575,0.172
lazy-n-plus-1,100000,10.6492,0.174
hibernate-subselect-fetch,100000,955.9566,363.397
two-step-ids,100000,4.4170,0.181
blaze-fetch,100000,1.9970,0.160
jpa-fetch-join,100000,1.8498,0.134
spring-data-entity-graph,100000,2.2815,0.172
lazy-n-plus-1,100000,8.8867,0.174
hibernate-batch-fetch,100000,2.3991,0.161
two-step-ids,100000,2.3370,0.181
blaze-fetch,100000,2.0433,0.160
jpa-fetch-join,100000,1.6713,0.134
spring-data-entity-graph,100000,2.1194,0.172
lazy-n-plus-1,100000,8.4387,0.174
hibernate-batch-fetch,100000,2.4496,0.161
hibernate-subselect-fetch,100000,1117.9499,363.397
blaze-fetch,100000,4.7737,0.161
jpa-fetch-join,100000,2.1648,0.134
spring-data-entity-graph,100000,4.5355,0.172
lazy-n-plus-1,100000,8.4118,0.174
hibernate-batch-fetch,100000,2.6506,0.161
hibernate-subselect-fetch,100000,1025.8143,363.397
two-step-ids,100000,4.7602,0.181
jpa-fetch-join,100000,2.0255,0.134
spring-data-entity-graph,100000,2.6454,0.172
lazy-n-plus-1,100000,9.5211,0.174
hibernate-batch-fetch,100000,2.3765,0.161
hibernate-subselect-fetch,100000,857.0159,363.397
two-step-ids,100000,4.0235,0.181
blaze-fetch,100000,2.0325,0.160
spring-data-entity-graph,100000,2.3252,0.172
lazy-n-plus-1,100000,9.5089,0.174
hibernate-batch-fetch,100000,2.3899,0.161
hibernate-subselect-fetch,100000,1072.5273,363.397
two-step-ids,100000,6.0916,0.181
blaze-fetch,100000,2.7090,0.161
jpa-fetch-join,100000,1.6261,0.134
lazy-n-plus-1,100000,9.0142,0.174
hibernate-batch-fetch,100000,2.9823,0.161
hibernate-subselect-fetch,100000,983.8901,363.397
two-step-ids,100000,3.8718,0.181
blaze-fetch,100000,1.8984,0.160
jpa-fetch-join,100000,1.7207,0.134
spring-data-entity-graph,100000,2.5209,0.172
hibernate-batch-fetch,100000,1.8704,0.161
hibernate-subselect-fetch,100000,851.3239,363.397
two-step-ids,100000,4.7968,0.181
blaze-fetch,100000,1.9980,0.160
jpa-fetch-join,100000,1.8701,0.134
spring-data-entity-graph,100000,2.3527,0.172
lazy-n-plus-1,100000,10.6868,0.174
hibernate-subselect-fetch,100000,1119.1864,363.397
two-step-ids,100000,6.7540,0.181
blaze-fetch,100000,3.2495,0.161
jpa-fetch-join,100000,1.9931,0.134
spring-data-entity-graph,100000,2.9963,0.172
lazy-n-plus-1,100000,8.3677,0.174
hibernate-batch-fetch,100000,3.0032,0.161
two-step-ids,100000,3.1640,0.181
blaze-fetch,100000,2.0545,0.160
jpa-fetch-join,100000,1.7615,0.134
spring-data-entity-graph,100000,2.4925,0.172
lazy-n-plus-1,100000,9.2504,0.174
hibernate-batch-fetch,100000,2.3015,0.161
hibernate-subselect-fetch,100000,1064.1176,363.397
blaze-fetch,100000,2.9522,0.160
jpa-fetch-join,100000,1.9646,0.134
spring-data-entity-graph,100000,2.2868,0.172
lazy-n-plus-1,100000,8.9354,0.174
hibernate-batch-fetch,100000,2.7539,0.161
hibernate-subselect-fetch,100000,1168.4903,363.397
two-step-ids,100000,7.1811,0.181
jpa-fetch-join,100000,2.1575,0.134
spring-data-entity-graph,100000,3.2094,0.172
lazy-n-plus-1,100000,11.3738,0.174
hibernate-batch-fetch,100000,2.9794,0.161
hibernate-subselect-fetch,100000,992.5020,363.397
two-step-ids,100000,3.7998,0.181
blaze-fetch,100000,2.9796,0.161
spring-data-entity-graph,100000,2.5309,0.172
lazy-n-plus-1,100000,9.0091,0.174
hibernate-batch-fetch,100000,2.6037,0.161
hibernate-subselect-fetch,100000,911.4040,363.397
two-step-ids,100000,4.1249,0.181
blaze-fetch,100000,2.4834,0.160
jpa-fetch-join,100000,2.5239,0.134
lazy-n-plus-1,100000,10.3747,0.174
hibernate-batch-fetch,100000,2.9564,0.161
hibernate-subselect-fetch,100000,1136.9247,363.397
two-step-ids,100000,5.8036,0.181
blaze-fetch,100000,2.5876,0.161
jpa-fetch-join,100000,1.5843,0.134
spring-data-entity-graph,100000,2.3668,0.172
hibernate-batch-fetch,100000,2.4085,0.161
hibernate-subselect-fetch,100000,937.3527,363.397
two-step-ids,100000,4.4842,0.181
blaze-fetch,100000,2.8999,0.160
jpa-fetch-join,100000,2.2350,0.134
spring-data-entity-graph,100000,3.0881,0.172
lazy-n-plus-1,100000,9.5011,0.174
hibernate-subselect-fetch,100000,877.0612,363.397
two-step-ids,100000,4.7650,0.179
blaze-fetch,100000,121.0836,0.160
jpa-fetch-join,100000,1.8440,0.134
spring-data-entity-graph,100000,2.1971,0.172
lazy-n-plus-1,100000,9.4056,0.174
hibernate-batch-fetch,100000,2.3333,0.161
two-step-ids,100000,2.2286,0.179
blaze-fetch,100000,1.7671,0.160
jpa-fetch-join,100000,1.7593,0.134
spring-data-entity-graph,100000,2.2096,0.173
lazy-n-plus-1,100000,9.4720,0.174
hibernate-batch-fetch,100000,2.5883,0.161
hibernate-subselect-fetch,100000,939.0697,363.397
blaze-fetch,100000,4.8297,0.161
jpa-fetch-join,100000,2.0297,0.134
spring-data-entity-graph,100000,3.4067,0.172
lazy-n-plus-1,100000,10.2465,0.174
hibernate-batch-fetch,100000,2.5960,0.161
hibernate-subselect-fetch,100000,965.4666,363.397
two-step-ids,100000,4.7196,0.179
jpa-fetch-join,100000,1.7712,0.134
spring-data-entity-graph,100000,2.6487,0.172
lazy-n-plus-1,100000,8.5501,0.174
hibernate-batch-fetch,100000,2.0356,0.161
hibernate-subselect-fetch,100000,949.8057,363.397
two-step-ids,100000,3.8691,0.179
blaze-fetch,100000,1.9566,0.160
spring-data-entity-graph,100000,2.3252,0.172
lazy-n-plus-1,100000,8.2991,0.174
hibernate-batch-fetch,100000,2.2990,0.161
hibernate-subselect-fetch,100000,1061.2746,363.397
two-step-ids,100000,5.9766,0.179
blaze-fetch,100000,3.4511,0.161
jpa-fetch-join,100000,1.9831,0.134
lazy-n-plus-1,100000,7.8269,0.174
hibernate-batch-fetch,100000,2.3926,0.161
hibernate-subselect-fetch,100000,939.0258,363.397
two-step-ids,100000,3.8743,0.179
blaze-fetch,100000,1.6379,0.161
jpa-fetch-join,100000,1.7310,0.134
spring-data-entity-graph,100000,2.8952,0.172
hibernate-batch-fetch,100000,1.8762,0.161
hibernate-subselect-fetch,100000,1110.1614,363.397
two-step-ids,100000,5.9106,0.179
blaze-fetch,100000,2.8734,0.161
jpa-fetch-join,100000,1.8652,0.134
spring-data-entity-graph,100000,2.8139,0.172
lazy-n-plus-1,100000,8.3970,0.174
hibernate-subselect-fetch,100000,981.0890,363.397
two-step-ids,100000,4.1653,0.179
blaze-fetch,100000,2.1278,0.160
jpa-fetch-join,100000,1.9623,0.134
spring-data-entity-graph,100000,2.1896,0.172
lazy-n-plus-1,100000,7.8142,0.174
hibernate-batch-fetch,100000,2.1257,0.161
two-step-ids,100000,2.6387,0.179
blaze-fetch,100000,2.0166,0.160
jpa-fetch-join,100000,1.6571,0.134
spring-data-entity-graph,100000,1.9777,0.172
lazy-n-plus-1,100000,8.0897,0.174
hibernate-batch-fetch,100000,2.3752,0.161
hibernate-subselect-fetch,100000,872.0021,363.397
blaze-fetch,100000,3.4818,0.160
jpa-fetch-join,100000,1.7030,0.134
spring-data-entity-graph,100000,2.3024,0.172
lazy-n-plus-1,100000,9.3886,0.174
hibernate-batch-fetch,100000,2.5028,0.161
hibernate-subselect-fetch,100000,1067.5764,363.397
two-step-ids,100000,6.1774,0.179
jpa-fetch-join,100000,1.9491,0.134
spring-data-entity-graph,100000,3.1123,0.172
lazy-n-plus-1,100000,7.8306,0.174
hibernate-batch-fetch,100000,3.2232,0.161
hibernate-subselect-fetch,100000,944.3868,363.397
two-step-ids,100000,4.3788,0.179
blaze-fetch,100000,3.5000,0.161
spring-data-entity-graph,100000,2.6122,0.172
lazy-n-plus-1,100000,9.0129,0.174
hibernate-batch-fetch,100000,2.2893,0.161
hibernate-subselect-fetch,100000,1107.0079,363.397
two-step-ids,100000,5.6268,0.179
blaze-fetch,100000,2.5921,0.161
jpa-fetch-join,100000,1.6022,0.134
lazy-n-plus-1,100000,9.0106,0.174
hibernate-batch-fetch,100000,2.5039,0.161
hibernate-subselect-fetch,100000,937.7494,363.397
two-step-ids,100000,4.9448,0.179
blaze-fetch,100000,2.3747,0.160
jpa-fetch-join,100000,1.8748,0.134
spring-data-entity-graph,100000,2.5957,0.172
hibernate-batch-fetch,100000,2.6401,0.161
hibernate-subselect-fetch,100000,881.3206,363.397
two-step-ids,100000,3.9476,0.179
blaze-fetch,100000,2.5196,0.160
jpa-fetch-join,100000,1.7860,0.134
spring-data-entity-graph,100000,2.3576,0.172
lazy-n-plus-1,100000,8.8371,0.174
hibernate-subselect-fetch,100000,1096.6151,363.397
two-step-ids,100000,6.4341,0.179
blaze-fetch,100000,2.9494,0.161
jpa-fetch-join,100000,1.9395,0.134
spring-data-entity-graph,100000,2.5971,0.172
lazy-n-plus-1,100000,10.4862,0.174
hibernate-batch-fetch,100000,3.2837,0.161
two-step-ids,100000,2.8715,0.179
blaze-fetch,100000,1.9293,0.160
jpa-fetch-join,100000,1.7595,0.135
spring-data-entity-graph,100000,1.7660,0.172
lazy-n-plus-1,100000,9.4726,0.174
hibernate-batch-fetch,100000,2.4096,0.161
hibernate-subselect-fetch,100000,1020.6369,363.397
blaze-fetch,100000,3.0184,0.161
jpa-fetch-join,100000,2.0024,0.134
spring-data-entity-graph,100000,2.2301,0.172
lazy-n-plus-1,100000,8.1712,0.174
hibernate-batch-fetch,100000,1.9806,0.161
hibernate-subselect-fetch,100000,1094.0453,363.399
two-step-ids,100000,6.6200,0.179
jpa-fetch-join,100000,2.1547,0.134
spring-data-entity-graph,100000,3.4306,0.172
lazy-n-plus-1,100000,9.9280,0.174
hibernate-batch-fetch,100000,2.9302,0.161
hibernate-subselect-fetch,100000,929.8682,363.397
two-step-ids,100000,3.5809,0.179
blaze-fetch,100000,3.7329,0.161
spring-data-entity-graph,100000,3.0438,0.172
lazy-n-plus-1,100000,9.4369,0.174
hibernate-batch-fetch,100000,2.9095,0.161
hibernate-subselect-fetch,100000,933.1145,363.397
two-step-ids,100000,4.5311,0.179
blaze-fetch,100000,2.1430,0.160
jpa-fetch-join,100000,1.6556,0.134
lazy-n-plus-1,100000,9.9331,0.174
hibernate-batch-fetch,100000,2.3748,0.161
hibernate-subselect-fetch,100000,1071.5126,363.397
two-step-ids,100000,6.2552,0.179
blaze-fetch,100000,3.3298,0.161
jpa-fetch-join,100000,1.8120,0.135
spring-data-entity-graph,100000,2.6272,0.172
hibernate-batch-fetch,100000,2.2442,0.161
hibernate-subselect-fetch,100000,956.4568,363.397
two-step-ids,100000,4.7353,0.179
blaze-fetch,100000,1.8857,0.160
jpa-fetch-join,100000,1.9239,0.134
spring-data-entity-graph,100000,2.1704,0.172
lazy-n-plus-1,100000,9.6295,0.174
hibernate-subselect-fetch,100000,879.1404,363.397
two-step-ids,100000,5.0363,0.179
blaze-fetch,100000,2.0990,0.160
jpa-fetch-join,100000,1.9371,0.134
spring-data-entity-graph,100000,2.3563,0.172
lazy-n-plus-1,100000,10.5451,0.174
hibernate-batch-fetch,100000,2.4218,0.161
two-step-ids,100000,2.1677,0.179
blaze-fetch,100000,1.6870,0.160
jpa-fetch-join,100000,1.8989,0.134
spring-data-entity-graph,100000,2.1631,0.172
lazy-n-plus-1,100000,12.9893,0.174
hibernate-batch-fetch,100000,2.6847,0.161
hibernate-subselect-fetch,100000,1021.5246,363.397
blaze-fetch,100000,4.8646,0.161
jpa-fetch-join,100000,1.9638,0.134
spring-data-entity-graph,100000,3.8546,0.172
lazy-n-plus-1,100000,9.9833,0.174
hibernate-batch-fetch,100000,2.7870,0.161
hibernate-subselect-fetch,100000,1022.2389,363.397
two-step-ids,100000,4.8929,0.179
jpa-fetch-join,100000,2.0805,0.137
spring-data-entity-graph,100000,2.6969,0.172
lazy-n-plus-1,100000,8.7934,0.174
hibernate-batch-fetch,100000,2.7574,0.161
hibernate-subselect-fetch,100000,1098.4228,363.397
two-step-ids,100000,5.8257,0.179
blaze-fetch,100000,3.2385,0.161
spring-data-entity-graph,100000,2.7066,0.172
lazy-n-plus-1,100000,11.6595,0.174
hibernate-batch-fetch,100000,3.0316,0.161
hibernate-subselect-fetch,100000,934.0361,363.397
two-step-ids,100000,4.6643,0.179
blaze-fetch,100000,2.0914,0.160
jpa-fetch-join,100000,1.9387,0.134
lazy-n-plus-1,100000,9.1858,0.174
hibernate-batch-fetch,100000,2.4103,0.161
hibernate-subselect-fetch,100000,939.9295,363.397
two-step-ids,100000,4.0010,0.179
blaze-fetch,100000,1.7553,0.160
jpa-fetch-join,100000,1.6752,0.134
spring-data-entity-graph,100000,1.9264,0.172
hibernate-batch-fetch,100000,2.2202,0.161
hibernate-subselect-fetch,100000,1133.9474,363.397
two-step-ids,100000,6.2287,0.179
blaze-fetch,100000,2.6117,0.161
jpa-fetch-join,100000,1.7096,0.134
spring-data-entity-graph,100000,2.6102,0.172
lazy-n-plus-1,100000,9.0093,0.174
hibernate-subselect-fetch,100000,957.3849,363.397
two-step-ids,100000,4.4991,0.179
blaze-fetch,100000,2.7880,0.160
jpa-fetch-join,100000,1.7562,0.134
spring-data-entity-graph,100000,2.0404,0.172
lazy-n-plus-1,100000,8.7970,0.174
hibernate-batch-fetch,100000,2.3436,0.161
two-step-ids,100000,2.2343,0.179
blaze-fetch,100000,1.5476,0.160
jpa-fetch-join,100000,1.4971,0.134
spring-data-entity-graph,100000,1.8704,0.172
lazy-n-plus-1,100000,10.3036,0.174
hibernate-batch-fetch,100000,2.2652,0.161
hibernate-subselect-fetch,100000,856.2009,363.397
two-step-ids,250000,2.3421,0.179
blaze-fetch,250000,2.3228,0.160
jpa-fetch-join,250000,2.1738,0.134
spring-data-entity-graph,250000,2.5198,0.172
lazy-n-plus-1,250000,8.7245,0.174
hibernate-batch-fetch,250000,2.2187,0.161
hibernate-subselect-fetch,250000,2742.4522,906.377
blaze-fetch,250000,4.6708,0.161
jpa-fetch-join,250000,2.3417,0.134
spring-data-entity-graph,250000,4.7771,0.172
lazy-n-plus-1,250000,9.6674,0.174
hibernate-batch-fetch,250000,3.0403,0.161
hibernate-subselect-fetch,250000,2744.8103,906.377
two-step-ids,250000,6.3254,0.179
jpa-fetch-join,250000,1.7345,0.134
spring-data-entity-graph,250000,2.6545,0.172
lazy-n-plus-1,250000,8.3969,0.174
hibernate-batch-fetch,250000,2.6962,0.161
hibernate-subselect-fetch,250000,2641.2478,906.377
two-step-ids,250000,5.7708,0.179
blaze-fetch,250000,3.0843,0.161
spring-data-entity-graph,250000,2.8166,0.172
lazy-n-plus-1,250000,9.3202,0.174
hibernate-batch-fetch,250000,2.5567,0.161
hibernate-subselect-fetch,250000,2663.0642,906.377
two-step-ids,250000,6.5262,0.179
blaze-fetch,250000,2.7574,0.161
jpa-fetch-join,250000,1.9157,0.134
lazy-n-plus-1,250000,8.0455,0.174
hibernate-batch-fetch,250000,2.8703,0.161
hibernate-subselect-fetch,250000,2744.5491,906.377
two-step-ids,250000,7.5958,0.179
blaze-fetch,250000,3.7430,0.161
jpa-fetch-join,250000,2.0482,0.134
spring-data-entity-graph,250000,2.9099,0.172
hibernate-batch-fetch,250000,2.7541,0.161
hibernate-subselect-fetch,250000,2951.0880,906.377
two-step-ids,250000,6.2010,0.179
blaze-fetch,250000,2.8068,0.161
jpa-fetch-join,250000,2.0347,0.134
spring-data-entity-graph,250000,2.7457,0.172
lazy-n-plus-1,250000,10.9365,0.174
hibernate-subselect-fetch,250000,2761.8589,906.377
two-step-ids,250000,6.3275,0.179
blaze-fetch,250000,2.8400,0.161
jpa-fetch-join,250000,2.2213,0.134
spring-data-entity-graph,250000,3.2502,0.172
lazy-n-plus-1,250000,8.6902,0.174
hibernate-batch-fetch,250000,2.7891,0.161
two-step-ids,250000,2.2211,0.179
blaze-fetch,250000,1.8636,0.160
jpa-fetch-join,250000,1.6320,0.134
spring-data-entity-graph,250000,1.9447,0.172
lazy-n-plus-1,250000,7.9672,0.174
hibernate-batch-fetch,250000,1.9793,0.161
hibernate-subselect-fetch,250000,2688.2483,906.377
blaze-fetch,250000,4.6349,0.161
jpa-fetch-join,250000,2.1571,0.134
spring-data-entity-graph,250000,3.7292,0.172
lazy-n-plus-1,250000,9.7401,0.174
hibernate-batch-fetch,250000,2.7466,0.161
hibernate-subselect-fetch,250000,2682.7325,906.377
two-step-ids,250000,6.2181,0.179
jpa-fetch-join,250000,2.2703,0.134
spring-data-entity-graph,250000,2.9905,0.172
lazy-n-plus-1,250000,8.2640,0.174
hibernate-batch-fetch,250000,2.4444,0.161
hibernate-subselect-fetch,250000,2705.8404,906.377
two-step-ids,250000,5.7932,0.179
blaze-fetch,250000,2.8279,0.161
spring-data-entity-graph,250000,2.6741,0.172
lazy-n-plus-1,250000,10.0848,0.174
hibernate-batch-fetch,250000,2.6050,0.161
hibernate-subselect-fetch,250000,2709.6555,906.377
two-step-ids,250000,6.9190,0.179
blaze-fetch,250000,2.7073,0.161
jpa-fetch-join,250000,1.7223,0.134
lazy-n-plus-1,250000,9.9461,0.174
hibernate-batch-fetch,250000,2.6825,0.161
hibernate-subselect-fetch,250000,2695.1085,906.377
two-step-ids,250000,6.5605,0.179
blaze-fetch,250000,2.6483,0.161
jpa-fetch-join,250000,1.7102,0.134
spring-data-entity-graph,250000,2.6098,0.172
hibernate-batch-fetch,250000,2.9225,0.161
hibernate-subselect-fetch,250000,2790.0169,906.377
two-step-ids,250000,6.5966,0.179
blaze-fetch,250000,3.3384,0.161
jpa-fetch-join,250000,1.9252,0.134
spring-data-entity-graph,250000,3.1569,0.172
lazy-n-plus-1,250000,10.3219,0.174
hibernate-subselect-fetch,250000,2643.8981,906.377
two-step-ids,250000,7.2463,0.179
blaze-fetch,250000,3.3492,0.161
jpa-fetch-join,250000,2.4132,0.134
spring-data-entity-graph,250000,2.8135,0.172
lazy-n-plus-1,250000,9.7110,0.174
hibernate-batch-fetch,250000,2.8126,0.161
two-step-ids,250000,2.4475,0.177
blaze-fetch,250000,1.6586,0.160
jpa-fetch-join,250000,1.6851,0.134
spring-data-entity-graph,250000,2.0505,0.172
lazy-n-plus-1,250000,8.0102,0.174
hibernate-batch-fetch,250000,2.0598,0.161
hibernate-subselect-fetch,250000,2712.3375,906.377
blaze-fetch,250000,4.6061,0.161
jpa-fetch-join,250000,1.9783,0.134
spring-data-entity-graph,250000,3.8665,0.172
lazy-n-plus-1,250000,8.6983,0.174
hibernate-batch-fetch,250000,2.6658,0.161
hibernate-subselect-fetch,250000,2784.0378,906.377
two-step-ids,250000,6.6282,0.177
jpa-fetch-join,250000,2.1552,0.134
spring-data-entity-graph,250000,3.4989,0.172
lazy-n-plus-1,250000,12.8705,0.174
hibernate-batch-fetch,250000,2.8676,0.161
hibernate-subselect-fetch,250000,2677.6214,906.377
two-step-ids,250000,5.9373,0.177
blaze-fetch,250000,2.5872,0.161
spring-data-entity-graph,250000,2.7128,0.172
lazy-n-plus-1,250000,9.2221,0.174
hibernate-batch-fetch,250000,3.5025,0.161
hibernate-subselect-fetch,250000,2693.7152,906.377
two-step-ids,250000,6.9437,0.177
blaze-fetch,250000,3.3817,0.161
jpa-fetch-join,250000,1.9405,0.134
lazy-n-plus-1,250000,9.7766,0.174
hibernate-batch-fetch,250000,3.1793,0.161
hibernate-subselect-fetch,250000,2712.7970,906.377
two-step-ids,250000,5.7571,0.177
blaze-fetch,250000,3.1942,0.161
jpa-fetch-join,250000,2.1679,0.134
spring-data-entity-graph,250000,3.2488,0.172
hibernate-batch-fetch,250000,4.2653,0.161
hibernate-subselect-fetch,250000,2717.6464,906.377
two-step-ids,250000,6.2694,0.177
blaze-fetch,250000,3.2987,0.161
jpa-fetch-join,250000,1.9340,0.134
spring-data-entity-graph,250000,3.0967,0.172
lazy-n-plus-1,250000,9.0441,0.174
hibernate-subselect-fetch,250000,2692.0414,906.377
two-step-ids,250000,6.8743,0.177
blaze-fetch,250000,3.0213,0.161
jpa-fetch-join,250000,1.7437,0.134
spring-data-entity-graph,250000,2.7443,0.172
lazy-n-plus-1,250000,8.6845,0.174
hibernate-batch-fetch,250000,2.8807,0.161
two-step-ids,250000,2.3358,0.177
blaze-fetch,250000,1.6672,0.160
jpa-fetch-join,250000,1.6520,0.134
spring-data-entity-graph,250000,1.9403,0.172
lazy-n-plus-1,250000,9.0584,0.174
hibernate-batch-fetch,250000,2.2523,0.161
hibernate-subselect-fetch,250000,2710.5394,906.377
blaze-fetch,250000,5.2978,0.161
jpa-fetch-join,250000,1.9822,0.134
spring-data-entity-graph,250000,3.7941,0.172
lazy-n-plus-1,250000,10.1504,0.174
hibernate-batch-fetch,250000,2.7798,0.161
hibernate-subselect-fetch,250000,2693.6011,906.377
two-step-ids,250000,5.6032,0.177
jpa-fetch-join,250000,1.9943,0.134
spring-data-entity-graph,250000,2.6801,0.172
lazy-n-plus-1,250000,9.1723,0.174
hibernate-batch-fetch,250000,2.5591,0.161
hibernate-subselect-fetch,250000,2740.7053,906.377
two-step-ids,250000,6.4052,0.177
blaze-fetch,250000,3.3360,0.161
spring-data-entity-graph,250000,3.8844,0.172
lazy-n-plus-1,250000,11.1623,0.174
hibernate-batch-fetch,250000,2.7252,0.161
hibernate-subselect-fetch,250000,2685.0674,906.377
two-step-ids,250000,5.6850,0.177
blaze-fetch,250000,3.3721,0.161
jpa-fetch-join,250000,2.2446,0.134
lazy-n-plus-1,250000,15.4948,0.174
hibernate-batch-fetch,250000,2.8192,0.161
hibernate-subselect-fetch,250000,2690.4418,906.377
two-step-ids,250000,5.7516,0.177
blaze-fetch,250000,2.7884,0.161
jpa-fetch-join,250000,1.8664,0.134
spring-data-entity-graph,250000,2.8102,0.172
hibernate-batch-fetch,250000,2.5472,0.161
hibernate-subselect-fetch,250000,2810.2458,906.377
two-step-ids,250000,7.9461,0.177
blaze-fetch,250000,3.5627,0.161
jpa-fetch-join,250000,2.5085,0.134
spring-data-entity-graph,250000,3.2186,0.172
lazy-n-plus-1,250000,10.3932,0.174
hibernate-subselect-fetch,250000,2937.5475,906.377
two-step-ids,250000,6.0247,0.177
blaze-fetch,250000,2.7380,0.161
jpa-fetch-join,250000,1.8467,0.134
spring-data-entity-graph,250000,2.8358,0.172
lazy-n-plus-1,250000,9.4980,0.174
hibernate-batch-fetch,250000,2.9545,0.161
two-step-ids,250000,4.7183,0.177
blaze-fetch,250000,2.2424,0.160
jpa-fetch-join,250000,2.3624,0.134
spring-data-entity-graph,250000,3.0336,0.172
lazy-n-plus-1,250000,13.4890,0.174
hibernate-batch-fetch,250000,3.0328,0.161
hibernate-subselect-fetch,250000,2778.0754,906.377
blaze-fetch,250000,5.2137,0.161
jpa-fetch-join,250000,2.2730,0.134
spring-data-entity-graph,250000,3.5339,0.172
lazy-n-plus-1,250000,9.8010,0.174
hibernate-batch-fetch,250000,3.0407,0.161
hibernate-subselect-fetch,250000,2720.2946,906.377
two-step-ids,250000,6.3053,0.177
jpa-fetch-join,250000,1.8766,0.134
spring-data-entity-graph,250000,3.1645,0.172
lazy-n-plus-1,250000,9.2482,0.174
hibernate-batch-fetch,250000,2.8190,0.161
hibernate-subselect-fetch,250000,2764.4833,906.377
two-step-ids,250000,6.4810,0.177
blaze-fetch,250000,2.5966,0.161
spring-data-entity-graph,250000,2.6624,0.172
lazy-n-plus-1,250000,9.7212,0.174
hibernate-batch-fetch,250000,2.5668,0.161
hibernate-subselect-fetch,250000,2840.8303,906.377
two-step-ids,250000,6.2857,0.177
blaze-fetch,250000,2.9764,0.161
jpa-fetch-join,250000,1.6497,0.134
lazy-n-plus-1,250000,9.2027,0.174
hibernate-batch-fetch,250000,2.7865,0.161
hibernate-subselect-fetch,250000,2730.3232,906.377
two-step-ids,250000,6.4556,0.177
blaze-fetch,250000,2.5886,0.161
jpa-fetch-join,250000,1.7467,0.134
spring-data-entity-graph,250000,2.8391,0.172
hibernate-batch-fetch,250000,2.3703,0.161
hibernate-subselect-fetch,250000,2753.4252,906.377
two-step-ids,250000,5.5285,0.177
blaze-fetch,250000,3.2228,0.161
jpa-fetch-join,250000,2.3186,0.134
spring-data-entity-graph,250000,3.3541,0.172
lazy-n-plus-1,250000,9.4727,0.174
hibernate-subselect-fetch,250000,2773.7354,906.377
two-step-ids,250000,6.4850,0.177
blaze-fetch,250000,2.6717,0.161
jpa-fetch-join,250000,2.9148,0.134
spring-data-entity-graph,250000,3.0705,0.172
lazy-n-plus-1,250000,8.7927,0.174
hibernate-batch-fetch,250000,2.6710,0.161
two-step-ids,250000,2.6899,0.177
blaze-fetch,250000,1.6808,0.160
jpa-fetch-join,250000,1.6088,0.134
spring-data-entity-graph,250000,1.8900,0.172
lazy-n-plus-1,250000,8.4777,0.174
hibernate-batch-fetch,250000,4.6737,0.161
hibernate-subselect-fetch,250000,2774.9475,906.377
blaze-fetch,250000,5.3687,0.161
jpa-fetch-join,250000,2.0559,0.134
spring-data-entity-graph,250000,3.8116,0.172
lazy-n-plus-1,250000,9.6978,0.174
hibernate-batch-fetch,250000,2.8356,0.161
hibernate-subselect-fetch,250000,2773.3306,906.377
two-step-ids,250000,7.2595,0.177
jpa-fetch-join,250000,2.2608,0.134
spring-data-entity-graph,250000,2.6599,0.172
lazy-n-plus-1,250000,8.6500,0.174
hibernate-batch-fetch,250000,2.8531,0.161
hibernate-subselect-fetch,250000,2797.6716,906.377
two-step-ids,250000,6.3598,0.177
blaze-fetch,250000,2.6786,0.161
spring-data-entity-graph,250000,2.9822,0.172
lazy-n-plus-1,250000,11.2073,0.174
hibernate-batch-fetch,250000,2.8350,0.161
hibernate-subselect-fetch,250000,2708.0071,906.377
two-step-ids,250000,6.0420,0.177
blaze-fetch,250000,2.8041,0.161
jpa-fetch-join,250000,2.2295,0.134
lazy-n-plus-1,250000,11.3049,0.174
hibernate-batch-fetch,250000,2.6416,0.161
hibernate-subselect-fetch,250000,2678.2471,906.377
two-step-ids,250000,5.3002,0.178
blaze-fetch,250000,3.0757,0.161
jpa-fetch-join,250000,1.7303,0.134
spring-data-entity-graph,250000,2.5678,0.172
hibernate-batch-fetch,250000,2.7720,0.161
hibernate-subselect-fetch,250000,2729.4054,906.377
two-step-ids,250000,5.7972,0.177
blaze-fetch,250000,2.6916,0.161
jpa-fetch-join,250000,1.6481,0.134
spring-data-entity-graph,250000,2.6201,0.172
lazy-n-plus-1,250000,9.4191,0.174
hibernate-subselect-fetch,250000,2693.1609,906.377
two-step-ids,250000,6.5022,0.177
blaze-fetch,250000,2.5389,0.161
jpa-fetch-join,250000,1.5802,0.134
spring-data-entity-graph,250000,2.6395,0.172
lazy-n-plus-1,250000,8.8637,0.174
hibernate-batch-fetch,250000,2.5300,0.161
two-step-ids,250000,2.4249,0.177
blaze-fetch,250000,1.6882,0.160
jpa-fetch-join,250000,1.4346,0.134
spring-data-entity-graph,250000,2.0603,0.172
lazy-n-plus-1,250000,10.5166,0.174
hibernate-batch-fetch,250000,2.6763,0.161
hibernate-subselect-fetch,250000,2712.0484,906.377
blaze-fetch,250000,4.5130,0.161
jpa-fetch-join,250000,3.1787,0.134
spring-data-entity-graph,250000,4.8736,0.172
lazy-n-plus-1,250000,10.5542,0.174
hibernate-batch-fetch,250000,2.8304,0.161
hibernate-subselect-fetch,250000,2706.0256,906.377
two-step-ids,250000,6.3205,0.178
jpa-fetch-join,250000,2.2538,0.135
spring-data-entity-graph,250000,2.6664,0.172
lazy-n-plus-1,250000,9.8982,0.174
hibernate-batch-fetch,250000,2.7911,0.161
hibernate-subselect-fetch,250000,2718.6153,906.377
two-step-ids,250000,6.0596,0.177
blaze-fetch,250000,3.1909,0.161
spring-data-entity-graph,250000,2.9928,0.172
lazy-n-plus-1,250000,11.5256,0.174
hibernate-batch-fetch,250000,3.0014,0.161
hibernate-subselect-fetch,250000,2741.9722,906.377
two-step-ids,250000,6.2994,0.177
blaze-fetch,250000,2.8873,0.161
jpa-fetch-join,250000,1.8856,0.134
lazy-n-plus-1,250000,8.8730,0.174
hibernate-batch-fetch,250000,3.1754,0.161
hibernate-subselect-fetch,250000,2652.9104,906.377
two-step-ids,250000,6.3652,0.177
blaze-fetch,250000,2.9307,0.161
jpa-fetch-join,250000,1.9890,0.134
spring-data-entity-graph,250000,2.7862,0.172
hibernate-batch-fetch,250000,2.5041,0.161
hibernate-subselect-fetch,250000,2745.1762,906.377
two-step-ids,250000,6.4276,0.177
blaze-fetch,250000,2.9100,0.161
jpa-fetch-join,250000,2.4507,0.134
spring-data-entity-graph,250000,3.5704,0.172
lazy-n-plus-1,250000,11.2053,0.174
hibernate-subselect-fetch,250000,2934.9179,906.377
two-step-ids,250000,6.6160,0.177
blaze-fetch,250000,3.4541,0.161
jpa-fetch-join,250000,1.8190,0.135
spring-data-entity-graph,250000,3.2478,0.172
lazy-n-plus-1,250000,10.6005,0.174
hibernate-batch-fetch,250000,2.8204,0.161
two-step-ids,250000,2.8679,0.177
blaze-fetch,250000,1.8925,0.160
jpa-fetch-join,250000,2.3820,0.134
spring-data-entity-graph,250000,3.0487,0.172
lazy-n-plus-1,250000,10.0419,0.174
hibernate-batch-fetch,250000,2.2864,0.161
hibernate-subselect-fetch,250000,2868.3160,906.377
